ProductID,Name,Category,Description,Brand,Price,Size
101044184G39,"tất len bốt cho bé gái, tất len cao cổ phong cách hàn quốc cho bé gái",GT01,"       Shopmevabe1688 xin giới thiệu: Tất Len Bốt Cho Bé Gái, Tất Len Cao Cổ Phong Cách Hàn Quốc Cho Bé Gái   Mẫu vớ mới dài qua gối cho con dự sẽ hot nhất mùa lạnh năm nay cho bé gái từ 5-10 tuổ...",OEM,69000.0,39
101948418G40,"giày cầu lông, giày thể thao chạy bộ cao cấp",GTT01,Giầy Cp085đế cao su thiên nhiên cao cấpMay đế toàn bộ giúp tăng độ bềnÁo giầy là vải lưới kết hợp da PU cao cấpLót giầy ôm chọn gang bàn chânMàu: Trắg XanhSize : 36 đến 43...,Chí Phèo,220000.0,40
112826952G39,giầy sandal nữ phong cách thời thượng siêu hot 21802,GSD02,"       *) THÔNG TIN SẢN PHẨM   • ✦ Giày nữ đẹp phù hợp cho các nàng dịu dàng và cá tính.   • ✧ Chất liệu : Da bò cao cấp - chất liệu lót mềm mại   • ✧ Chức năng: giảm sốc, thoáng khí êm chân. ...",ĐỒ DA THÀNH LONG TLG,159600.0,39
112827241G41,giày sandal nữ phong cách thời thượng 21823,GSD02,"       *) THÔNG TIN SẢN PHẨM   • ✦ Giày nữ đẹp phù hợp cho các nàng dịu dàng và cá tính.   • ✧ Chất liệu : Da bò cao cấp - chất liệu lót mềm mại   • ✧ Chức năng: giảm sốc, thoáng khí êm chân. ...",ĐỒ DA THÀNH LONG TLG,170500.0,41
112957227G40,giày boot nữ cổ lửng da lộn sành điệu dành cho chị em 20457,GT02,"       *) THÔNG TIN SẢN PHẨM   • ✦ Bốt nữ cao cổ dáng cực ôm chân hàng đẹp   • ✧ Màu đen như hình   • ✧ Chức năng: giảm sốc, thoáng khí êm chân.   • ★ Style: Hàn Quốc   • ✧ Thời trang:giày Đi...",ĐỒ DA THÀNH LONG TLG,292200.0,40
112958887G41,giầy sandal nữ thời trang sành điệu 21828,GSD02,"       *) THÔNG TIN SẢN PHẨM   • ✦ Giày nữ đẹp phù hợp cho các nàng dịu dàng và cá tính.   • ✧ Chất liệu : Da bò cao cấp - chất liệu lót mềm mại   • ✧ Chức năng: giảm sốc, thoáng khí êm chân. ...",ĐỒ DA THÀNH LONG TLG,150000.0,41
112960663G41,giầy sandal nữ phong cách hàn quốc siêu thời trang 21827,GSD02,"       *) THÔNG TIN SẢN PHẨM   • ✦ Giày nữ đẹp phù hợp cho các nàng dịu dàng và cá tính.   • ✧ Chất liệu : Da bò cao cấp - chất liệu lót mềm mại   • ✧ Chức năng: giảm sốc, thoáng khí êm chân. ...",ĐỒ DA THÀNH LONG TLG,100000.0,41
112961804G39,giày sandal nữ 1 phân thời trang cực trend 20799,GSD02,"       *) THÔNG TIN SẢN PHẨM   • ✦ Sandal nữ đẹp phù hợp cho các nàng dịu dàng và cá tính.   • ✧ Chất liệu : Da bò cao cấp - chất liệu lót mềm mại   • ✧ Chức năng: giảm sốc, thoáng khí êm chân....",ĐỒ DA THÀNH LONG TLG,150000.0,39
116018023G41,"giày bốt nam banuli da bê italian chuckka boots  b3ck1 (da itali mềm dẻo, đế kháng trượt, bảo hành trọn đời)",GT01,"Banuli được thành lập vào năm 2015. Qua những năm kinh nghiệm làm giày, chúng tôi không ngừng cải tiến để tạo ra những đôi giày nam có chất lượng tốt và phù hợp với xu hướng thời trang hiện đại. Lợi ...",Banuli,1400000.0,41
116018988G41,"giày bốt nam banuli da bê italian chelsea boots  h1cs1 (da veg itali mềm dẻo, đế siêu nhẹ, bảo hành trọn đời)",GT01,"Banuli được thành lập vào năm 2015. Qua những năm kinh nghiệm làm giày, chúng tôi không ngừng cải tiến để tạo ra những đôi giày nam có chất lượng tốt và phù hợp với xu hướng thời trang hiện đại. Lợi t...",Banuli,1800000.0,41
116295851G41,️ bốt nữ phong cách hàn quốc 20471,GT02,     ...,ĐỒ DA THÀNH LONG TLG,250200.0,41
116296025G41,️ bốt nữ martin nhung retro 20469,GT02,       Boots nữ cao gót cổ ngắn đẹp nhất mùa thu đông 2019 – 2020 là lựa chọn hoàn hảo cho những cô nàng sành điệu còn luyến tiếc mùa hè nhưng vẫn phải giữ ấm đôi chân khi trời trở lạnh. Boot nữ c...,ĐỒ DA THÀNH LONG TLG,250200.0,41
116296537G41,️ giày bốt nữ cổ ngắn long tlg 20323,GT02,"       Với thiết kế thời trang, trẻ trung cùng chất liệu bề mặt da trơn kết hợp cao su tổng hợp phần đế tăng khả năng chống trơn trượt   * Thiết kế độc đáo với sự kết hợp giữa kiểu dáng cổ điển k...",ĐỒ DA THÀNH LONG TLG,202000.0,41
116298169G39,️ giày boot dây kéo phía trước nữ 20414,GT02,       Đóng: Dây kéo phía trước   Kích thước: 35 36 37 38 39   Hoa văn: Màu đặc   Kiểu dáng: Hàn Quốc   Chiều cao ống: Trung ống   Các yếu tố phổ biến: Chuỗi   Chiều cao gót: Cao gót (5-8cm)...,ĐỒ DA THÀNH LONG TLG,690800.0,39
116298542G39,️ bốt nữ hàn quốc đế bệt 20466,GT02,"       Thiết kế trẻ trung, năng động   Dễ dàng phối trang phục   Hàng cao cấp, êm chân   Phù hợp với mọi độ tuổi.   Chất liệu cao cấp, mềm mại mang rất êm chân.   Sản phẩm được may chắc chắn,...",ĐỒ DA THÀNH LONG TLG,250200.0,39
11776869G39,puss in boots,GT02,"The Young Reading series is designed to encourage independent reading and covers a range of subject matter, including the retelling of children's classics, fairytales and a wide variety of narrative n...",,303000.0,39
120048998G40,"giày boot nữ huy hoàng da bò màu nâu, đen ht7038-7920",GT02,  - Giày nữ Huy Hoàng được làm từ da bò cao cấp nên càng sử dụng lâu bề mặt sẽ càng bóng đẹp tự nhiên. Da bò mềm mại sẽ hạn chế tối đa tình trạng trầy xước khi sử dụng lâu ngày.   - Giày nữ Huy Hoàn...,Huy Hoàng,1399000.0,40
12525704G39,giày sandal nữ biggben da bò thật sdn19,GSD02,"Sandal Nữ với chất liệu da bò bền đẹp kết hợp đế cao su êm nhẹ chống trơn trượt giúp bạn Nữ luôn thoải mái, tự tin khi đi chơi, dạo phố, đi làm nơi công sở hay đi dự tiệc.Sandal Nữ được xử lý đặc biệ...",BIGGBEN,339000.0,39
12530748G41,giày sandal nữ biggben da bò thật sdn20,GSD02,"Sandal Nữ với chất liệu da bò bền đẹp kết hợp đế cao su êm nhẹ chống trơn trượt giúp bạn Nữ luôn thoải mái, tự tin khi đi chơi, dạo phố, đi làm nơi công sở hay đi dự tiệc.Sandal Nữ được xử lý đặc biệ...",BIGGBEN,339000.0,41
126507339G39,giày boot nam da bò sunpolo boot03 (đen),GT01,"Giày Boot Nam SUNPOLO BOOT03 giúp các chàng biến hoá linh hoạt mọi phong cách thời trang phái mạnh với thiết kế mặt da trơn tinh giản, xu hướng hiện đại, chất liệu da thật dày dặn, bền bỉ kết hợp đế ...",SUNPOLO,790000.0,39
129233346G39,"hj7038-7920 - giày boot nữ huy hoàng da bò màu nâu, đen",GT02,- Giày nữ Huy Hoàng được làm từ chất liệu da bò cao cấp nên càng sử dụng lâu bề mặt sẽ càng bóng đẹp tự nhiên. Da bò mềm mại sẽ hạn chế tối đa tình trạng trầy xước khi sử dụng lâu ngày.- Giày nữ Huy ...,Huy Hoàng,1399000.0,39
130398871G41,giày boots nam cổ cao da bò sunpolo boot01 (đen),GT01,"Giày Boots Nam Cổ Cao SUNPOLO BOOT01 là sự pha trộn giữa phong cách cổ điển và hiện đại với chất liệu da thật bền bỉ, êm ái vượt trội, boots cao 3cm tôn dáng, được đúc từ cao su dẻo êm nhẹ, thiết kế ...",SUNPOLO,750000.0,41
139968527G39,giày sandal nữ quai dây mảnh đế bệt hà nam da bò thời trang cao cấp dnu2075,GSD01,"Giày Sandal Nữ Quai Dây Mảnh Đế Bệt HÀ NAM Da Bò Thời Trang Cao Cấp DNU2075Giày Dép Được Gia Công Tại Xưởng ShopHoàn Trả Tiền 100% Hoặc 1 Đổi 1 Nếu Shop Giao Không Đúng Hàng, Không Đúng Như Mô Tả...",HA NAM,138000.0,39
141490261G39,giày sandal nữ da bò thật biggben cao cấp sdn70,GSD02,"Chất Liệu :Da bò thật 100%Kích Thước :từ 35 đến 39Đế Cao : 2,5 cmSản phẩm được bảo hành 1 năm HƯỚNG DẪN BẢO QUẢNBảo quản nơi thoáng mátTránh tiếp xúc hóa chất mạnhGiày bị ướt phơi khô nơi ...",BIGGBEN,339000.0,39
149147409G41,giày sandal nữ hà nam da bò thật cao cấp 5cm dnu2093,GSD01,"Giày Sandal Nữ HÀ NAM Da Bò Thật Cao Cấp 5cm DNU2093Giày Dép Được Gia Công Tại Xưởng ShopHoàn Trả Tiền 100% Hoặc 1 Đổi 1 Nếu Shop Giao Không Đúng Hàng, Không Đúng Như Mô Tả+ THÔNG TIN SẢN PHẨM  ...",HA NAM,186000.0,41
149147702G39,giày sandal nữ hà nam da bò thật cao cấp 5cm dnu2092,GSD01,"Giày Sandal Nữ HÀ NAM Da Bò Thật Cao Cấp 5cm DNU2092Giày Dép Được Gia Công Tại Xưởng ShopHoàn Trả Tiền 100% Hoặc 1 Đổi 1 Nếu Shop Giao Không Đúng Hàng, Không Đúng Như Mô Tả + THÔNG TIN SẢN PHẨM...",HA NAM,186000.0,39
150788748G39,giày sandal nam the bily quai chéo - màu đen bl01d,GSD01,"Giày Sandal The Bily  sản xuất theo công nghệ cao và hàng đầu tại Việt Nam, được thiết kế dành cho các bạn yêu thích sự tối giản, trẻ trung và tiện lợi. Giày Sandal Nam The Bily 01 Quai Chéo với thi...",THE BILY,319000.0,39
1524363G41,bé chơi với bút màu - rô - bốt,GT01,            Bé Chơi Với Bút Màu - Rô - Bốt        - Dành cho bé từ 4 đến 8 tuổi. Bé có cơ hội sử dụng bút màu tùy ý để khuyến khích sự sáng tạo của chính mình....,,13800.0,41
153010212G39,giày sandal nữ dây giavy sk109,GSD02,"       GIÀY QUAI HẬU NỮ   Thương hiệu độc quyền : GIAVY.   Xuất xứ: Việt Nam.   Mã sản phẩm: SK109   Kiểu dáng: sandal 1 dây ngang thắt bím, đế bệt .   Chất liệu quai dù mềm êm chân, đườn...",GIAVY,195000.0,39
153010553G41,giày sandal dây nữ giavy sk377,GSD02,"  GIÀY QUAI HẬU NỮ   Thương hiệu độc quyền : GIAVY.   Xuất xứ: Việt Nam.   Mã sản phẩm: SK377   Kiểu dáng: sandal hậu dán, đế bệt .   Chất liệu quai dù mềm êm chân, đường may tỉ mỉ.   Đế ca...",GIAVY,195000.0,41
15333738G41,giày sandal kẹp nữ biggben da bò thật sdn31,GSD02,"Sandal Nữ với chất liệu da bò bền đẹp kết hợp đế cao su êm nhẹ chống trơn trượt giúp bạn Nữ luôn thoải mái, tự tin khi đi chơi, dạo phố, đi làm nơi công sở hay đi dự tiệc.Sandal Nữ được xử lý đặc biệ...",BIGGBEN,329000.0,41
153564031G41,giày sandal nữ đế bệt hà nam da bò thật cao cấp dnu2110,GSD01,"Giày Sandal Nữ Đế Bệt HÀ NAM Da Bò Thật Cao Cấp DNU2110Giày Dép Được Gia Công Tại Xưởng ShopHoàn Trả Tiền 100% Hoặc 1 Đổi 1 Nếu Shop Giao Không Đúng Hàng, Không Đúng Như Mô Tả+ THÔNG TIN SẢN PHẨ...",HA NAM,148000.0,41
154274984G40,giày boots nam cổ cao da bò cao cấp orsil 2 màu đen và nâu,GT01,"       ORSIL luôn mang đến cho khách hàng sự tự tin, tỏa sáng để thành công trong công việc, cuộc sống với phong cách thời trang riêng biệt, ấn tượng. Bên cạnh chú trọng sự êm ái, giá cả phải chăn...",ORSIL,399000.0,40
155550598G40,bốt điện thoại bên rìa thế giới - quel che affidiamo al vento,GT02,"BỐT ĐIỆN THOẠI BÊN RÌA THẾ GIỚI - Sách bán chạy toàn cầu, đã xuất bản tại 21 quốc giaLấy cảm hứng từ một bốt điện thoại có thật tại tỉnh Iwate, nằm phía đông bắc Nhật Bản, tác giả Laura Imai Messina...",,91200.0,40
155751830G39,"boots thời trang nữ cổ cao, da lì cao cấp rosata ro307 6.5p gót trụ - bkstore",GT02,"MÔ TẢ SẢN PHẨM: Boots thời trang nữ cổ cao, da lì cao cấp ROSATA RO307 6.5p gót trụ - đen, nâu - HÀNG VIỆT NAM - BKSTOREGiày được làm từ chất liệu da PU cao cấp, bền và dễ lau vết bẩnĐường may tỉ mỉ...",Rosata,650000.0,39
158868257G39,bốt điện thoại bên rìa thế giới - quel che affidiamo al vento,GT02,    Bốt Điện Thoại Bên Rìa Thế Giới - Quel Che Affidiamo Al Vento ...,,116000.0,39
161383198G39,giày  thể thao nam biti's dsm074500den (đen),,"Giày Bata Vải kiểu dáng đơn giản nhưng thời trang, mang lại sự thoải mái và tự tin cho bạn suốt ngày dài. Thiết kế cao cấp, bền chắc, mang lại nhẹ nhàng, êm ái cho bàn chân. Giày với thiết kế khỏe kho...",Biti's,365000.0,39
163928160G39,"túi đựng giày boots phong cách hàn quốc, có hai ngăn riêng biệt cho từng chiếc giày",GT01,"Hãy bảo quản những chiếc giày boots của bạn không bị trầy xước, ẩm móc với chiếc túi này.Sản phẩm này là sản phẩm thuộc thương hiệu ShofukaKích thước: Cổ cao: 24*29*47cm/Cổ thấp: 24*28*29cmTên sản ...",SHOFUKA,143000.0,39
165189410G41,giày boot da bò thật nam biggben cao cấp bt6,GT01,"Giày Boot Nam với chất liệu da bò bền đẹp kết hợp đế cao su êm nhẹ chống trơn trượt giúp bạn Nam luôn thoải mái, tự tin khi đi chơi, dạo phố, đi làm nơi công sở hay đi dự tiệc.Giày Boot nam được ...",BIGGBEN,1099000.0,41
167170706G39,"tất bốt cho bé 3-8 tuổi, tất kẻ dài",GT02,       Hàng đẹp nha mấy bé   Tất chân kẻ phong cách hàn quốc cho các bé từ 3 đến 9tuoi đều vừa   Bé 3 den 5 tuổi đi sẽ đến gối luôn ạ còn các bé lớn đi sẽ ngắn hơn ạ   Chất len mịn đẹp hàng chu...,OEM,69000.0,39
167382264G40,lego creator 31124 siêu rô bốt (159 chi tiết),GT01,Giới thiệuLEGO Creator 31124 Siêu Rô Bốt (159 chi tiết)Đồ chơi lego xếp hình trẻ em có nguồn gốc từ đan mạch là nhãn hiệu đồ chơi xếp hình được sản xuất từ nhựa cao cấp bởi tập đoàn The Lego Group...,LEGO,279000.0,40
167889817G41,giày thể thao trung cấp bitis nam,GTT01,"Mẫu giày được thiết kế mang phong cách khỏe khoắn, năng động sẽ mang đến cho bạn 1 phong cách thật cá tính. Chất liệu cao cấp thoáng khí cả mặt trong và mặt ngoài giúp bạn luôn dễ chịu và thoải mái dù...",Biti's,365000.0,41
16862053G40,giày boot nam biggben da bò thật cao cấp bt1,GT01,"Giày Tây Nam với chất liệu da bò bền đẹp kết hợp đế cao su êm nhẹ chống trơn trượt giúp bạn Nam luôn thoải mái, tự tin khi đi chơi, dạo phố, đi làm nơi công sở hay đi dự tiệc.Giày Boot nam được xử lý...",BIGGBEN,1349000.0,40
168704944G41,đồ chơi lego creator siêu rô bốt 31124 (159 chi tiết),GT02,Đồ Chơi LEGO Creator Siêu Robot 31124 (159 chi tiết)Du hành tới tương lai để có những cuộc phiêu lưu kỳ thú với Siêu Robot! Nó có thể bảo vệ các thành phố bằng sức mạnh đáng kinh ngạc của mình hoặc b...,LEGO,599000.0,41
170638452G39,"sách - boot small robot, big adventure : book 1 by shane hegarty (uk edition, paperback)",GT01,    Ships from and sold by EXPERAL VN  Publisher: Hachette Children's Group  Origin: United Kingdom (Imported)   ISBN 13: 9781444949360  Condition: Brandnew   Binding: paperback  Pages: 240 ...,,322000.0,39
170693358G39,"sách - montaigne in barn boots : an amateur ambles through philosophy by michael perry (us edition, paperback)",GT01,    Ships from and sold by EXPERAL VN  Publisher: HarperCollins Publishers Inc  Origin: United States (Imported)   ISBN 13: 9780062230577  Condition: Brandnew   Binding: paperback  Pages: 240...,,611000.0,39
171201432G40,giày sandal nữ dây giavy sk109,GSD02,"       GIÀY QUAI HẬU NỮ   Thương hiệu độc quyền : GIAVY.   Xuất xứ: Việt Nam.   Mã sản phẩm: SK109   Kiểu dáng: sandal 1 dây ngang thắt bím, đế bệt .   Chất liệu quai dù mềm êm chân, đườn...",GIAVY,195000.0,40
171202909G40,giày sandal nữ giavy quai da phối dù sn033,GSD02,"  GIÀY QUAI HẬU NỮ   Thương hiệu độc quyền : GIAVY.   Xuất xứ: Việt Nam.   Mã sản phẩm: SN033   Kiểu dáng: sandal hậu dán, đế bệt .   Chất liệu quai da phối dù mềm êm chân, đường may tỉ mỉ....",GIAVY,200000.0,40
172565550G39,giày sandal nữ the bily 02w quai chéo đôi - màu đen bl02wd,GSD02,"Giày Sandal The Bily  sản xuất theo công nghệ cao và hàng đầu tại Việt Nam, được thiết kế dành cho các bạn yêu thích sự tối giản, trẻ trung và tiện lợi. Giày Sandal Nữ The Bily 02W Quai Chéo Đôi với...",THE BILY,349000.0,39
172568380G39,giày sandal nữ the bily 01w quai chéo dây rút - màu đen bl01wd,GSD02,"Giày Sandal The Bily  sản xuất theo công nghệ cao và hàng đầu tại Việt Nam, được thiết kế dành cho các bạn yêu thích sự tối giản, trẻ trung và tiện lợi. Giày Sandal Nữ The Bily 01W Quai Chéo với thi...",THE BILY,359000.0,39
1742025G39,rô bốt rồn - rột,GT01,"Rô Bốt Rồn - RộtMẹ tớ và ba tớ bận ghê.Thế nên tối qua ba mẹ bảo,""Ba mẹ quyết định mua đám rô bốt tuyệt hảo này để ru con ngủ ngay"".Tớ nghĩ ba mẹ giỡn chơiNhưng trời ơi ba khởi động liền ngay tụi...",,38800.0,39
176757178G40,"quần tất giả boot cho bé gái phong cách hàn quốc năng động, thời trang size từ 3 đến 10 tuổi",GT01,"  Quần tất giả boot cho bé gái phong cách Hàn Quốc năng động, thời trang   Quần Tất DÀNH CHO NHỮNG CÔ BÉ THÍCH MẶC VÁY MÙA ĐÔNG️   - Dễ dàng kết hợp cùng nhiều trang phục khá...",OEM,120000.0,40
177005939G39,sách bốt điện thoại bên rìa thế giới - khi tình yêu chữa lành tổn thương trong tâm hồn. tặng bút/ sổ tay mhb,GT01,Bốt điện thoại bên rìa thế giới - khi tình yêu chữa lành tổn thương trong tâm hồnTình cờ hôm qua xem lại điện thoại liền thấy ảnh chụp cuốn này từ mấy hôm trước đợt Hà Nội trời nóng lên như hè tháng 6...,,121900.0,39
177260009G40,"ultra đôi giày vải phù hợp chơi thê thao , mẫu giày thiết kế đẹp mắt  nhất năm 2022_2023",,"  ️Giày đã khâu toàn bộ đế cực kỳ chắc chắn   ️ Đinh dăm bám sân tránh trơn trượt ngay cả khi trời mưa   ️ Lót giầy êm ái giúp cố định chân tốt   ️Đường kim mũi chỉ sắc nét   ️ Tiếp xúc bóng tốt,...",Wika,140000.0,40
177260090G39,giày vải thể thao chính hãng wika,,"  - Đinh dăm bám sân tránh trơn trượt ngay cả khi trời mưa   - Lót giầy êm ái giúp cố định chân tốt   - Chất liệu vải công nhiệp   - Đường kim mũi chỉ sắc nét   - Tiếp xúc bóng tốt, đã được khâu ...",Wika,149000.0,39
177260716G41,giày bóng đá thể thao 3 sọc đen,,"  - Chất liệu da công nhiệp   - Đường kim mũi chỉ sắc nét   - Tiếp xúc bóng tốt, đã được khâu đế   - Form ôm chân, độ bền cao, đế mềm - dẻo - đinh dăm bám sân giúp bé thoải mái vận động.   - Bảo ...",Wika,140000.0,41
177262670G40,giày bóng đá thể thao 3 sọc trắng,,"  - Đinh dăm bám sân tránh trơn trượt ngay cả khi trời mưa   - Lót giầy êm ái giúp cố định chân tốt   - Chất liệu da công nhiệp   - Đường kim mũi chỉ sắc nét   - Tiếp xúc bóng tốt, đã được khâu đ...",Wika,145000.0,40
177617351G39,bốt điện thoại bên rìa thế giới,GT02,"Bốt Điện Thoại Bên Rìa Thế GiớiBốt Điện Thoại Bên Rìa Thế Giới - Sách bán chạy toàn cầu, đã xuất bản tại 21 quốc gia  Lấy cảm hứng từ một bốt điện thoại có thật tại tỉnh Iwate, nằm phía đông bắc Nhật...",,116000.0,39
177750603G41,giày sandal nữ da bò thật biggben cao cấp sdn73,GSD02,"Chất Liệu :Da bò thật 100%Kích Thước :từ 35 đến 39Đế Cao : 2,5 cmSản phẩm được bảo hành 1 năm HƯỚNG DẪN BẢO QUẢNBảo quản nơi thoáng mátTránh tiếp xúc hóa chất mạnhGiày bị ướt phơi khô nơi ...",BIGGBEN,339000.0,41
177772556G39,"giày sandal nữ biggben cao 4,5cm sdn75",GSD02,"Chất Liệu :Da tổng hợpKích Thước :từ 35 đến 40Đế Cao : 4,5 cmSản phẩm được bảo hành 1 năm HƯỚNG DẪN BẢO QUẢNBảo quản nơi thoáng mátTránh tiếp xúc hóa chất mạnhGiày bị ướt phơi khô nơi ...",BIGGBEN,349000.0,39
177772693G39,"giày sandal nữ biggben cao 4,5cm sdn76",GSD02,"Chất Liệu :Da tổng hợpKích Thước :từ 35 đến 40Đế Cao : 4,5 cmSản phẩm được bảo hành 1 năm HƯỚNG DẪN BẢO QUẢNBảo quản nơi thoáng mátTránh tiếp xúc hóa chất mạnhGiày bị ướt phơi khô nơi ...",BIGGBEN,349000.0,39
178779577G41,giày thể thao trẻ trung phong cách ph5485,GTT02,"Thời trang: giày sneaker là xu hướng thời trang mới nhất hiện nay. Mang lại sự trẻ trung, năng động.Phong Cách: Chất liệu da bò phối vải jeans, thu hút mọi ánh nhìn với vẻ trẻ trung, phong cách, màu ...",VO Luxury Fashion,290000.0,41
179216565G40,"giày thể thao nam - dây dày vặn tiện lợi, nhanh chóng tháo ra và đi vào một cách dễ dàng, dễ sử dụng",GTT01,"1. Thông tin sản phẩm:️Thương hiệu: PGM️Giày Golf nam: XZ095️Màu sắc: Trắng xanh, Đen trắng️Giới tính: Nam️Trọng lượng khoảng: 500g️Size: 39,40,41,42,432. Chất liệu sản phẩm:- Chất liệu da sợi...",PGM,2480000.0,40
18011202G39,puss in boots (fairy tale classics),GT02,"When the miller’s youngest son is given a cat, he is disappointed with his gift.But luckily for both of them, Puss knows a thing or two about how to make a huge fortune.Part of the beloved Fairytale...",,762000.0,39
181247134G40,giày bốt nữ da bóng trắng đen ôm chân đẹp gót 7 phân cổ cao mũi nhọn không có khóa,GT02,"Kính chào Quý khách!!!Cảm ơn quý khách đã ghé thăm Shop.------------------------------------------------------------------ CAM KẾT CHẤT LƯỢNG 100%️ TƯ VẤN NHIỆT TÌNH, VUI VẺ️ ĐỔI TRẢ TRONG VÒNG 7 ...",P Pinkaha,335000.0,40
182849278G39,bốt điện thoại bên rìa thế giới,GT01, Mã hàng    8935095632121   Tên Nhà Cung Cấp    Huy Hoàng   Tác giả    Laura Imai Messina   Dịch giả    Phi Yến   NXB    NXB Phụ Nữ Việt Nam   Năm XB    2022   Trọng lượng (gr)    350  ...,,123250.0,39
183784752G41,đôi giày thể dục thể thao phù hợp nhiều lứa tuổi mẫu giày đá banh wika chất lượng cao,,  ️Giày đã khâu toàn bộ đế cực kỳ chắc chắn   ️ Đinh dăm bám sân tránh trơn trượt ngay cả khi trời mưa   ️ Lót giầy êm ái giúp cố định chân tốt   ️ Chất liệu da công nhiệp   ️Đường kim mũi chỉ sắ...,Wika,145000.0,41
184758720G39,giày boots đi mưa,GT02,"Tính năng:Giày Booth Che Mưa được làm từ nhựa PVC chống nước bền bỉ, sản phẩm phù hợp với giày đế bằng, giúp che mưa, chống nước tạt, bùn, vết bẩn, bảo vệ an toàn cho đôi giày của bạn khi chạy xe. ...",Rando,81000.0,39
184888684G39,"giày boots che mưa chống nước bền bỉ, rando chính hãng, bọc bảo vệ giày dành cho nam nữ",GT01,"       - Áo Mưa Rando Chính Hãng, Ủng Đi Mưa, Bọc Giày Đi Mưa, Bao Trùm Giày Nhựa Đi Mưa Chống Trượt (Giày Boot Đi Mưa), Giày Booth Che Mưa được làm từ nhựa PVC chống nước bền bỉ, sản phẩm phù hợp...",Rando,105000.0,39
187237640G41,giày sandal quai kẹp đế bằng lithes ls079,GSD02,"MÔ TẢ SẢN PHẨMBộ sưu tập Giày dép sẽ là sản phẩm hoàn hảo cho phái đẹp thêm duyên dáng và thanh lịch. Mẫu mã đa dạng được thiết kế sang trọng, thanh lịch, màu sắc tươi trẻ cùng chất liệu cao cấp, thâ...",LITHES,419000.0,41
187375766G41,giày sandal nữ da bò thật biggben cao cấp sdn79,GSD02,Chất Liệu :Da Bò Thật 100 %Kích Thước :từ 35 đến 40Đế Cao : 2 cmSản phẩm được bảo hành 1 năm HƯỚNG DẪN BẢO QUẢNBảo quản nơi thoáng mátTránh tiếp xúc hóa chất mạnhGiày bị ướt phơi khô nơi b...,BIGGBEN,309000.0,41
189179216G40,giày sandal nữ the bily 01w quai chéo dây rút - màu xám bl01wx,GSD02,"Giày Sandal The Bily  sản xuất theo công nghệ cao và hàng đầu tại Việt Nam, được thiết kế dành cho các bạn yêu thích sự tối giản, trẻ trung và tiện lợi. Giày Sandal Nữ The Bily 01W Quai Chéo với thi...",THE BILY,359000.0,40
189179654G39,giày sandal nữ the bily 02w quai chéo đôi - màu xám bl02wx,GSD02,"Giày Sandal The Bily  sản xuất theo công nghệ cao và hàng đầu tại Việt Nam, được thiết kế dành cho các bạn yêu thích sự tối giản, trẻ trung và tiện lợi. Giày Sandal Nữ The Bily 02W Quai Chéo Đôi với...",THE BILY,349000.0,39
189267954G41,giày sandal nữ the bily 03w quai ngang - màu xám bl03wx,GSD02,"Giày Sandal The Bily  sản xuất theo công nghệ cao và hàng đầu tại Việt Nam, được thiết kế dành cho các bạn yêu thích sự tối giản, trẻ trung và tiện lợi. Giày Sandal Nữ The Bily 03W Quai Ngang với th...",THE BILY,329000.0,41
189289457G41,giày sandal nữ the bily 03w quai ngang - màu đen bl03wd,GSD02,"Giày Sandal The Bily  sản xuất theo công nghệ cao và hàng đầu tại Việt Nam, được thiết kế dành cho các bạn yêu thích sự tối giản, trẻ trung và tiện lợi. Giày Sandal Nữ The Bily 03W Quai Ngang với th...",THE BILY,329000.0,41
189313332G41,giày sandal nữ the bily 04w 3 quai ngang - màu đen bl04wd,GSD02,"Giày Sandal The Bily  sản xuất theo công nghệ cao và hàng đầu tại Việt Nam, được thiết kế dành cho các bạn yêu thích sự tối giản, trẻ trung và tiện lợi. Giày Sandal Nữ The Bily 04W 3 Quai Ngang với ...",THE BILY,339000.0,41
189318903G41,giày sandal nữ the bily 04w 3 quai ngang - màu xám bl04wx,GSD02,"Giày Sandal The Bily  sản xuất theo công nghệ cao và hàng đầu tại Việt Nam, được thiết kế dành cho các bạn yêu thích sự tối giản, trẻ trung và tiện lợi. Giày Sandal Nữ The Bily 04W 3 Quai Ngang với ...",THE BILY,339000.0,41
190706782G41,giày sandal học sinh vento oscar dạo phố đi chơi đi học nb139,GSD02,"Đường may tinh tế, tỉ mỉQuai băng dính linh động, dễ dàng điều chỉnh vừa khít với chân, tạo sự thoải mái nhất có thểĐược sản xuất trên thiết bị và kỹ thuật công nghệ cao của Nhật. Chất liệu sản phẩm...",Vento,295000.0,41
191808552G39,khủng hoảng rô bốt,GT02," Mã hàng    8935280911369   Tên Nhà Cung Cấp    Thái Hà   Tác giả    Yuki IMADA,Kazuto SANJO   Người Dịch    Nguyễn Kim Ngọc (nhóm SakuraKids)   NXB    NXB Hà Nội   Năm XB    2022   Ngôn ...",,116100.0,39
192196517G41,giày sandal nữ da bò thật biggben cao cấp sdn81,GSD02,Chất Liệu :Da bò thật 100%Kích Thước :từ 35 đến 40Đế Cao :3 cmSản phẩm được bảo hành 1 năm HƯỚNG DẪN BẢO QUẢNBảo quản nơi thoáng mátTránh tiếp xúc hóa chất mạnhGiày bị ướt phơi khô nơi bón...,BIGGBEN,339000.0,41
19253377G40,ladybird readers level 3: puss in boots,GT01,"There was a cat whose name was Puss, and he could talk. Puss had an idea to help his master, so his master gave Puss some boots and a bag.Ladybird Readers is a graded reading series of traditional ta...",,270000.0,40
192741821G40,giày bóng đá thể thao chính hãng flash xanh,,"  - Đinh dăm bám sân tránh trơn trượt ngay cả khi trời mưa   - Lót giầy êm ái giúp cố định chân tốt   - Chất liệu da công nhiệp   - Đường kim mũi chỉ sắc nét   - Tiếp xúc bóng tốt, đã được khâu đ...",Wika,375000.0,40
192763835G41,giày vải thể thao chính hãng wika,,"  - Đinh dăm bám sân tránh trơn trượt ngay cả khi trời mưa   - Lót giầy êm ái giúp cố định chân tốt   - Chất liệu vải công nhiệp   - Đường kim mũi chỉ sắc nét   - Tiếp xúc bóng tốt, đã được khâu ...",Wika,145000.0,41
192768899G41,giày bóng đá thể thao 3 sọc trắng,,"  - Đinh dăm bám sân tránh trơn trượt ngay cả khi trời mưa   - Lót giầy êm ái giúp cố định chân tốt   - Chất liệu da công nhiệp   - Đường kim mũi chỉ sắc nét   - Tiếp xúc bóng tốt, đã được khâu đ...",Wika,165000.0,41
193054234G41,giày thể thao bitis hunter nam,GTT01,"Giày Tennis- Phần quai: Lưới không giãn, Si Nubucks.- Mục đích ôm chặt chân, không có giãn để chân được giữ chặt quá trình chạy nhanh theo trái bóng.- Phần đế: Cao su/IP- Cao su: được thiết kế mản...",Biti's,869000.0,41
193586399G39,dkfindout - những điều sách giáo khoa không dạy bạn - rô bốt,GT02,"Bộ sách khoa học DKfindout! gồm 5 cuốn (Rô bốt, Du hành không gian, Năng lượng, Rừng, Kỹ thuật công nghệ) giới thiệu các kiến thức khoa học thường thức thú vị bằng ngôn ngữ dễ hiểu với các hình ảnh, b...",,92100.0,39
193666986G39,dép sandal  bitas syn.242_vbo,GSD01,"       Sandal đế bằng nữ SYN.242 với thiết kế phần quai độc đáo, sang trọng, nhiều màu sắc lựa chọn. Sản phẩm sử dụng chất liệu có độ bền cao, với form dáng ôm chân nhưng vẫn thoải mái khi di chuy...",Bita's,250000.0,39
193889750G40,bốt đùi nữ da lì trắng đen thời trang khoá sau ulzzang siêu hót cao cổ giày boot xinh,GT02,Lưu ý: KALAA không đọc được ghi chú của các chị khi đặt hàng nên đóng hàng gửi đi theo đúng các sản phẩm trên đơn. KALAA không thay đổi được các sản phẩm trên đơn và thông tin của khách hàng nên chị e...,P Pinkaha,455000.0,40
194187382G41,giày sandal da răn cao cấp 7cm mang được 2 kiểu ( free shipping - bảo hành 1 năm),GSD02,"  Thương hiệu: QUEENA   Kích thước: 34 35 36 37 38   Chiều cao gót: 7 cm   Phân loại màu: trắng , đen   Chất liệu bề mặt:PU cao cấp   Hàng có sẵn giao nhanh uy tín , khách không thích cho hoàn h...",AVOCA,300000.0,41
194568564G39,dkfindout - những điều sách giáo khoa không dạy bạn - rô bốt,GT01,"    Bộ sách khoa học DKfindout! gồm 5 cuốn (Rô bốt, Du hành không gian, Năng lượng, Rừng, Kỹ thuật công nghệ) giới thiệu các kiến thức khoa học thường thức thú vị bằng ngôn ngữ dễ hiểu với các hình...",,98100.0,39
195231460G39,giày sandal nữ teva hurricane verge - 1121535,GSD02,"Đặc điểm nổi bật: GIÀY XĂNG ĐAN NỮ TEVA HURRICANE VERGE Khác với những đôi giày tiền nhiệm của TEVA, Hurricane Verge phá vỡ mọi khuôn mẫu của phiên bản gốc với phần dây đan chéo, thêm chi tiết khóa bấ...",TEVA,1495000.0,39
195231858G40,giày sandal nữ teva voya strappy - 1099271,GSD02,"Đặc điểm nổi bật: GIÀY XĂNG ĐAN NỮ TEVA VOYA STRAPPY Voya Strappy – đôi sandals cực kỳ linh hoạt, nhanh khô và thời trang. Bao gồm các sợi vải đan chéo, chống nước, lớp đế ngoài Mush, đôi giày dành ch...",TEVA,845000.0,40
195283840G39,giày dép sandal vento vega ii nam nữ đi chơi đi học đi làm nb10602,GSD01,  Giày Sandal Vento VEGA II Nam Màu Đen   THÔNG TIN SẢN PHẨM:   Giày dép Sandal Vento VEGA II Nam màu Đen   Size: Từ 36-44   Chất liệu: Đế cao su đúc dây dù êm nhẹ   Giá bán lẻ: 425.000 VNĐ   M...,Vento,345000.0,39
195313644G40,"giày boots che mưa chống nước bền bỉ, rando chính hãng, bọc bảo vệ giày dành cho nam nữ",GT01,"       - Áo Mưa Rando Chính Hãng, Ủng Đi Mưa, Bọc Giày Đi Mưa, Bao Trùm Giày Nhựa Đi Mưa Chống Trượt (Giày Boot Đi Mưa), Giày Booth Che Mưa được làm từ nhựa PVC chống nước bền bỉ, sản phẩm phù hợp...",Rando,99000.0,40
195328932G39,giày/dép sandal vento darius nam màu đen đi học/đi làm sd-nb10607,GSD01,  0.0 ...,Vento,395000.0,39
195528473G40,giày sandal nữ da bò thật biggben cao cấp sdn82,GSD02,Chất Liệu :Da bò thật 100%Kích Thước :từ 35 đến 40Đế Cao :2 cmSản phẩm được bảo hành 1 năm HƯỚNG DẪN BẢO QUẢNBảo quản nơi thoáng mátTránh tiếp xúc hóa chất mạnhGiày bị ướt phơi khô nơi...,BIGGBEN,339000.0,40
195528889G40,giày sandal nữ da bò thật biggben cao cấp sdn83,GSD02,Chất Liệu :Da bò thật 100%Kích Thước :từ 35 đến 40Đế Cao :1 cmSản phẩm được bảo hành 1 năm HƯỚNG DẪN BẢO QUẢNBảo quản nơi thoáng mátTránh tiếp xúc hóa chất mạnhGiày bị ướt phơi khô nơi...,BIGGBEN,309000.0,40
195536360G40,giày sandal nữ da bò thật biggben cao cấp sdn84,GSD02,Chất Liệu :Da bò thật 100%Kích Thước :từ 35 đến 40Đế Cao :1 cmSản phẩm được bảo hành 1 năm HƯỚNG DẪN BẢO QUẢNBảo quản nơi thoáng mátTránh tiếp xúc hóa chất mạnhGiày bị ướt phơi khô nơi...,BIGGBEN,319000.0,40
195547325G39,giày sandal nữ da bò thật biggben cao cấp sdn85,GSD02,Chất Liệu :Da bò thật 100%Kích Thước :từ 35 đến 40Đế Cao :1 cmSản phẩm được bảo hành 1 năm HƯỚNG DẪN BẢO QUẢNBảo quản nơi thoáng mátTránh tiếp xúc hóa chất mạnhGiày bị ướt phơi khô nơi...,BIGGBEN,309000.0,39
196215025G40,giày/dép sandal vento darius nam màu tro đi học/đi làm sd-nb10607,GSD01,"_ Giày dép Sandal Vento được sản xuất trên thiết bị và kỹ thuật công nghệ cao của Nhật. Chất liệu sản phẩm cao cấp không gây hôi chân._ Giày dép Sandal Vento được thiết kế thời trang, kiểu dáng đơn g...",Vento,395000.0,40
197282013G40,giày bóng đá thể thao chính hãng flash xanh,,"  - Đinh dăm bám sân tránh trơn trượt ngay cả khi trời mưa   - Lót giầy êm ái giúp cố định chân tốt   - Chất liệu da công nhiệp   - Đường kim mũi chỉ sắc nét   - Tiếp xúc bóng tốt, đã được khâu đ...",Wika,375000.0,40
197289072G41,giày bóng đá thể thao 3 sọc đen,,  ️Giày đã khâu toàn bộ đế cực kỳ chắc chắn   ️ Đinh dăm bám sân tránh trơn trượt ngay cả khi trời mưa   ️ Lót giầy êm ái giúp cố định chân tốt   ️ Chất liệu da công nhiệp   ️Đường kim mũi chỉ sắ...,Wika,140000.0,41
197295730G39,giày bóng đá thể thao thao army nâu 2022,,"  - Đế giày khâu toàn bộ : sử dụng công nghệ tiên tiến , độc quyền tại Việt Nam, dưới đế có các rãnh giúp giảm tải lực tác động lên sân, đôi chân trở lên thanh thoát nhẹ nhàng hơn !   - Giày phù hợp...",Wika,290000.0,39
197296058G41,giày bóng đá thể thao 3 sọc trắng,,"  - Đinh dăm bám sân tránh trơn trượt ngay cả khi trời mưa   - Lót giầy êm ái giúp cố định chân tốt   - Chất liệu da công nhiệp   - Đường kim mũi chỉ sắc nét   - Tiếp xúc bóng tốt, đã được khâu đ...",Wika,165000.0,41
197418062G41,giày sandal nữ biggben da bò thật sdn08,GSD02,Chất Liệu :Da bò thật 100%Kích Thước :từ 35 đến 40Đế Cao : 2 cmSản phẩm được bảo hành 1 năm HƯỚNG DẪN BẢO QUẢNBảo quản nơi thoáng mátTránh tiếp xúc hóa chất mạnhGiày bị ướt phơi khô nơi bó...,BIGGBEN,339000.0,41
199041154G40,cuốn sách: bốt điện thoại bên rìa thế giới - quel che affidiamo al vento,GT01,"Bốt Điện Thoại Bên Rìa Thế Giới - Quel Che Affidiamo Al Vento------------ BỐT ĐIỆN THOẠI BÊN RÌA THẾ GIỚI - Sách bán chạy toàn cầu, đã xuất bản tại 21 quốc giaLấy cảm hứng từ một bốt điện thoại có thậ...",,115988.0,40
199172796G41,dây xích đeo giày 1 đôi phụ kiện cài quần áo cài giày boot nam nữ phong cách hip hop trẻ trung cá tính nổi bật unisex,GT01,"Chất liệu hợp kim không han gỉ, không gây kích ứng, luôn sáng bóng, bền màu, tạo cảm giác tự nhiênPhong cách sành điệu, cá tính, thời trang, thời thượng, cool ngầu, đơn giản mà không kém phần tinh tế...",ROSAVAN,95000.0,41
1991785G40,giày boot nữ da bò huy hoàng ht7038 - nâu,GT02,"Giày Boot Nữ Da Bò Huy Hoàng HT7038 với thiết kế trẻ trung đầy nữ tính cực kì phù hợp với những bạn nữ yêu thích phong cách nhẹ nhàng, quý phái.Giày được gia công tinh tế từ chất liệu da bò mềm mịn,...",Huy Hoàng,999000.0,40
199268671G41,phụ kiện giày sneaker chuỗi dây titan cài boot chuỗi xích đeo giày phong cách hip hop nổi bật trẻ trung cá tính unisex,GT01,"Chất liệu hợp kim không han gỉ, không gây kích ứng, luôn sáng bóng, bền màu, tạo cảm giác tự nhiênPhong cách sành điệu, cá tính, thời trang, thời thượng, cool ngầu, đơn giản mà không kém phần tinh tếG...",ROSAVAN,76000.0,41
199542863G41,1 đôi phụ kiện giày chuỗi xích móc giày bản to cá tính hip hop nổi bật phụ kiện giày sneaker boot so cool unisex,GT01,"Chất liệu hợp kim không han gỉ, không gây kích ứng, luôn sáng bóng, bền màu, tạo cảm giác tự nhiênPhong cách sành điệu, cá tính, thời trang, thời thượng, cool ngầu, đơn giản mà không kém phần tinh tếP...",ROSAVAN,98000.0,41
199969338G41,bộ sách tô màu - thế giới rô bốt và xe cộ (bộ 6 cuốn) (tái bản 2022),GT01,"    Bộ Sách Tô Màu - Thế Giới Rô Bốt Và Xe Cộ (Bộ 6 Cuốn) (Tái Bản 2022)   Cùng khám phá thế giới phức tạp nhưng vô cùng hấp dẫn của rô bốt, máy bay và xe đua nhé! Hãy bóc hình màu ở trang đề can ...",,109200.0,41
2001819G41,giày boot nam huy hoàng ht7191 - nâu,GT01,"Giày Boot Nam Huy Hoàng HT7191 với chất liệu da bò bền đẹp kết hợp đế êm nhẹ chống trơn trượt giúp bạn nam luôn thoải mái, tự tin khi đi chơi, dạo phố, đi làm nơi công sở hay đi dự tiệc.Giày được th...",Huy Hoàng,1399000.0,41
200736328G40,giày sandal nữ đế xuông cao 9cm da bò thật màu trắng trường hải sd146 form nhỏ hơn 1 size,GSD02,"Chiều cao dép : 9 cmXuất xứ: Việt NamMàu: đen, trắng• Kiểu dáng mới nhất : Xăng đan nữ đế xuồng•Chất liệu Quai : da bò thật mềm mại tuyệt đối không bong tróc hay nổ da• Xu hướng thời trang mới , ...",Trường Hải,276000.0,40
200736377G41,giày sandal nữ đế bằng 4cm da bò thật màu đen trường hải sd135,GSD02,Chất liệu quai: Phần quai dép được làm bằng chất liệu da bò cao cấpXăng đan nữ đế xuồng Trường Hải được sản xuất tại việt nam. Hàng gia công đường may chắc chắn tỉ mỉĐế :dép được làm bằng cao su mềm...,Trường Hải,243000.0,41
200763560G39,bốt nữ khoá sau mũi vuông lót lông da mềm cao cấp màu đen be siêu đẹp hót trends 2023,GT02,"Kính chào Quý khách!!!Cảm ơn quý khách đã ghé thăm Shop.------------------------------------------------------------------️ CAM KẾT CHẤT LƯỢNG 100% ️ TƯ VẤN NHIỆT TÌNH, VUI VẺ ️ ĐỔI TRẢ TRONG VÒNG 7 N...",P Pinkaha,255000.0,39
201623929G41,cài giày phụ kiện dây xích đeo giày boot giày sneaker chuỗi cài phụ kiện quần áo hip hop cá tính,GT02,"Chất liệu hợp kim không han gỉ, không gây kích ứng, luôn sáng bóng, bền màu, tạo cảm giác tự nhiênPhong cách sành điệu, cá tính, thời trang, thời thượng, cool ngầu, đơn giản mà không kém phần tinh tếC...",ROSAVAN,89000.0,41
2023495G41,giày nam thể thao cột dây huy hoàng ht7744  - đen,,Giày Nam Thể Thao Cột Dây Huy Hoàng HT7744  - Đen được làm từ chất liệu da mang lại độ bền cao cho sản phẩm.Sản phẩm được sản xuất với những nguyên vật liệu tốt nhất nên giày mang lâu sẽ không bị hô...,Huy Hoàng,538300.0,41
203477818G41,giày sandal nữ da bò thật biggben cao cấp sdn86,GSD02,Chất Liệu :Da bò thật 100%Kích Thước :từ 35 đến 40Đế Cao :2 cmSản phẩm được bảo hành 1 năm HƯỚNG DẪN BẢO QUẢNBảo quản nơi thoáng mátTránh tiếp xúc hóa chất mạnhGiày bị ướt phơi khô nơi...,BIGGBEN,329000.0,41
203478154G39,giày sandal nữ da bò thật biggben cao cấp sdn87,GSD02,Chất Liệu :Da bò thật 100%Kích Thước :từ 35 đến 40Đế Cao :2 cmSản phẩm được bảo hành 1 năm HƯỚNG DẪN BẢO QUẢNBảo quản nơi thoáng mátTránh tiếp xúc hóa chất mạnhGiày bị ướt phơi khô nơi...,BIGGBEN,329000.0,39
203481091G39,giày sandal nữ da bò thật biggben cao cấp sdn88,GSD02,Chất Liệu :Da bò thật 100%Kích Thước :từ 35 đến 40Đế Cao :2 cmSản phẩm được bảo hành 1 năm HƯỚNG DẪN BẢO QUẢNBảo quản nơi thoáng mátTránh tiếp xúc hóa chất mạnhGiày bị ướt phơi khô nơi...,BIGGBEN,329000.0,39
204308867G39,giày thể thao biti's nam dsm075033xam (xám),GTT01,"* Giày thường có thiết kế dạng lưỡi gà rời, hậu 1 đỉnh hoặc 2 đỉnh, và có cột dây.* Chất liệu quai: Si, thun* Chất liệu đế:+ Đế ngoài: Cao su, TPR, PU, IP+ Đế giữa: EVA phun+ Đế trong: sử dụng EV...",Biti's,765000.0,39
205224896G40,tất đùi cao cổ đi boot - vớ nữ sinh cotton hàn quốc,GT02,"Tất đùi nữ cao cổ là loại tất, vớ cao cổ lên trên đầu gối. - Với chiều dài 55cm tính từ điểm chia gót như hình ảnh, trông như bạn đang đi boot cao cổ. Kiểu dáng thời trang, mix được với cả chân váy ng...",Kun93,45000.0,40
205617783G40,phụ kiện giày nam nữ cá tính unisex phụ kiện boots sneaker thời trang phong cách đường phố street style nổi bật,GT01,"Chất liệu hợp kim không han gỉ, không gây kích ứng, luôn sáng bóng, bền màu, tạo cảm giác tự nhiênPhong cách sành điệu, cá tính, thời trang, thời thượng, cool ngầu, đơn giản mà không kém phần tinh tếP...",ROSAVAN,65000.0,40
205820269G41,dép sandal nữ bitas syn.187_den,GSD02,"       Sandal nữ với kiểu dáng thời trang trẻ trung mang lại sự tiện dụng giúp đôi chân luôn thông thoáng và cho thời gian sử dụng lâu dài. Ngoài ra, giày còn được thiết kế êm chân mang đến cho Bạ...",Bita's,260000.0,41
206663635G41,giày thể thao nam phong cách mới – gna1001,GTT01,"Thiết kế: có form giày Sneaker trẻ trung, năng động, phong cách cá tínhChất liệu: Phần trên của đôi giày được làm từ chất liệu da cao cấp và vải, mềm mại, giúp cho người mang giày có cảm giác thoải m...",Bee Gee,918000.0,41
206952681G41,giày sandal nữ the bily 01w quai chéo dây rút - màu đỏ bl01w,GSD02,"Giày Sandal The Bily  sản xuất theo công nghệ cao và hàng đầu tại Việt Nam, được thiết kế dành cho các bạn yêu thích sự tối giản, trẻ trung và tiện lợi. Giày Sandal Nữ The Bily 01W Quai Chéo với thi...",THE BILY,399000.0,41
207277686G39,giày thể thao nam phong cách mới – gna1004c,GTT01,"1.Thiết kế: có form giày trẻ trung, năng động, phong cách cá tính, sang trọng2.Chất liệu: phần trên của đôi giày được làm từ chất liệu da cao cấp, mềm mại, giúp cho người mang giày có có cảm giác dễ ...",Bee Gee,570000.0,39
207359021G39,giày boot nữ da bò biggben cao 7 phân bon3,GT02,"Boot Nữ với chất liệu Da Bò bền đẹp kết hợp đế cao su êm nhẹ chống trơn trượt giúp bạn Nam luôn thoải mái, tự tin khi đi chơi, dạo phố, đi làm nơi công sở hay đi dự tiệc.Boot được xử lý đặc biệt để t...",BIGGBEN,599000.0,39
208324243G40,"giày bốt nữ cổ ngắn cao gót 7 phân ro307 rosata tại bcashop dây kéo nằm má trong, thêu hoạ tiết tinh tế má ngoài - màu nâu bò",GT02,BCASHOP luôn có chiết khấu ưu đãi dành cho CTV và Sỉ trên toàn quốcROSATA - thương hiệu giày thời trang nữ cao cấp THUẦN VIỆT NHƯNG CHẤT LƯỢNG QUỐC TẾ------------------Giày bốt nữ cổ thấp cao gót 7 p...,Rosata,649000.0,40
208324988G39,"giày bốt nữ cổ ngắn cao gót 7 phân ro307 rosata dây kéo nằm má trong, thêu hoạ tiết tinh tế má ngoài - màu đen",GT02,"ROSATA - thương hiệu giày thời trang nữ cao cấp THUẦN VIỆT NHƯNG CHẤT LƯỢNG QUỐC TẾ------------------Giày bốt nữ cổ thấp cao gót 7 phân RO307 ROSATA dây kéo nằm má trong, thêu hoạ tiết tinh tế má ngoà...",Rosata,649000.0,39
208768265G41,"giày thể thao nam đế êm nhẹ, thoáng khí đế cao su đúc, chống trơn trượt hạn chế mòn  – bee gee - gna1011",GTT01,"Giày thể thao nam thời trang, giày chạy bộ nam ôm chân thoáng khíGiày được thiết kế đẹp mắt, có tính thẩm mỹ caoThiết kế vải cao cấp mềm, thoáng khí        Size: 39,40,41,42,43Mũi giày ôm theo dán...",Bee Gee,720000.0,41
208783711G39,"giày thể thao nam limenco l6058 màu navy trắng, đế phylon êm nhẹ, đi chơi, thể thao",GTT01,"LIMENCO - Với những thiết kế kiểu dáng thời trang truyền thống cùng gam màu hiện đại, dễ dàng phối với nhiều trang phục để có phong cách thời trang trẻ trung, năng động và ấn tượng trong mọi hoạt động...",LimenCo,699000.0,39
208784160G39,"giày thể thao nam limenco l6058 màu ghi, đế phylon êm nhẹ, đi chơi, thể thao",GTT01,"LIMENCO - Với những thiết kế kiểu dáng thời trang truyền thống cùng gam màu hiện đại, dễ dàng phối với nhiều trang phục để có phong cách thời trang trẻ trung, năng động và ấn tượng trong mọi hoạt động...",LimenCo,699000.0,39
208789602G41,"giày thể thao nam limenco l6054 màu đen vàng, đế phylon êm nhẹ, đi chơi, thể thao",GTT01,"LIMENCO - Với những thiết kế kiểu dáng thời trang truyền thống cùng gam màu hiện đại, dễ dàng phối với nhiều trang phục để có phong cách thời trang trẻ trung, năng động và ấn tượng trong mọi hoạt động...",LimenCo,649000.0,41
208869122G39,"giày thể thao nam limenco l6054 màu ghi cốm, đế phylon êm nhẹ, đi chơi, thể thao",GTT01,"LIMENCO - Với những thiết kế kiểu dáng thời trang truyền thống cùng gam màu hiện đại, dễ dàng phối với nhiều trang phục để có phong cách thời trang trẻ trung, năng động và ấn tượng trong mọi hoạt động...",LimenCo,649000.0,39
208885993G40,"giày thể thao nam limenco l6054 màu be, đế phylon êm nhẹ, đi chơi, thể thao",GTT01,"LIMENCO - Với những thiết kế kiểu dáng thời trang truyền thống cùng gam màu hiện đại, dễ dàng phối với nhiều trang phục để có phong cách thời trang trẻ trung, năng động và ấn tượng trong mọi hoạt động...",LimenCo,649000.0,40
208886334G41,"giày thể thao nam limenco l6054 màu đen cam, đế phylon êm nhẹ, đi chơi, thể thao",GTT01,"LIMENCO - Với những thiết kế kiểu dáng thời trang truyền thống cùng gam màu hiện đại, dễ dàng phối với nhiều trang phục để có phong cách thời trang trẻ trung, năng động và ấn tượng trong mọi hoạt động...",LimenCo,649000.0,41
208886823G40,"giày thể thao nam limenco l6060 màu đen, đế phylon êm nhẹ, đi chơi, thể thao",GTT01,"LIMENCO - Với những thiết kế kiểu dáng thời trang truyền thống cùng gam màu hiện đại, dễ dàng phối với nhiều trang phục để có phong cách thời trang trẻ trung, năng động và ấn tượng trong mọi hoạt động...",LimenCo,649000.0,40
208887088G40,"giày thể thao nam limenco l6060 màu rêu, đế phylon êm nhẹ, đi chơi, thể thao",GTT01,"LIMENCO - Với những thiết kế kiểu dáng thời trang truyền thống cùng gam màu hiện đại, dễ dàng phối với nhiều trang phục để có phong cách thời trang trẻ trung, năng động và ấn tượng trong mọi hoạt động...",LimenCo,649000.0,40
208887385G41,"giày thể thao nam limenco l6060 màu ghi, đế phylon êm nhẹ, đi chơi, thể thao",GTT01,"LIMENCO - Với những thiết kế kiểu dáng thời trang truyền thống cùng gam màu hiện đại, dễ dàng phối với nhiều trang phục để có phong cách thời trang trẻ trung, năng động và ấn tượng trong mọi hoạt động...",LimenCo,649000.0,41
208913527G39,"tất ông chân, tất đùi giả boot len dày thu đông làm thon gọn chân pk519",GT01,"Tất Ống Chân Giả Boot Len Dày Làm Thon Gọn Chân PK519 Chất len dày mịn, giữ ấm cho mùa thu đông, hỗ trợ bảo vệ khớp đầu gối Giúp chân nhìn thon gọn hơn, kết hợp được với nhiều loại trang phục Chiều d...",OEM,55000.0,39
209124119G40,"giày thể thao nam limenco l6059 màu rêu , đế phylon êm nhẹ, đi chơi, thể thao",GTT01,"LIMENCO - Với những thiết kế kiểu dáng thời trang truyền thống cùng gam màu hiện đại, dễ dàng phối với nhiều trang phục để có phong cách thời trang trẻ trung, năng động và ấn tượng trong mọi hoạt động...",LimenCo,649000.0,40
209125573G40,"giày thể thao nam limenco l6059 màu đen, đế phylon êm nhẹ, đi chơi, thể thao",GTT01,"LIMENCO - Với những thiết kế kiểu dáng thời trang truyền thống cùng gam màu hiện đại, dễ dàng phối với nhiều trang phục để có phong cách thời trang trẻ trung, năng động và ấn tượng trong mọi hoạt động...",LimenCo,649000.0,40
209125665G41,"giày thể thao nam limenco l6059 màu ghi, đế phylon êm nhẹ, đi chơi, thể thao",GTT01,"LIMENCO - Với những thiết kế kiểu dáng thời trang truyền thống cùng gam màu hiện đại, dễ dàng phối với nhiều trang phục để có phong cách thời trang trẻ trung, năng động và ấn tượng trong mọi hoạt động...",LimenCo,649000.0,41
209125761G41,"giày thể thao nam limenco l6007 màu cam, đế phylon êm nhẹ, đi chơi, thể thao",GTT01,"LIMENCO - Với những thiết kế kiểu dáng thời trang truyền thống cùng gam màu hiện đại, dễ dàng phối với nhiều trang phục để có phong cách thời trang trẻ trung, năng động và ấn tượng trong mọi hoạt động...",LimenCo,699000.0,41
209129013G41,"giày thể thao nam limenco l6007 màu ghi, đế phylon êm nhẹ, đi chơi, thể thao",GTT01,"LIMENCO - Với những thiết kế kiểu dáng thời trang truyền thống cùng gam màu hiện đại, dễ dàng phối với nhiều trang phục để có phong cách thời trang trẻ trung, năng động và ấn tượng trong mọi hoạt động...",LimenCo,699000.0,41
209129338G41,"giày thể thao nam limenco l6007 màu vàng, đế phylon êm nhẹ, đi chơi, thể thao",GTT01,"LIMENCO - Với những thiết kế kiểu dáng thời trang truyền thống cùng gam màu hiện đại, dễ dàng phối với nhiều trang phục để có phong cách thời trang trẻ trung, năng động và ấn tượng trong mọi hoạt động...",LimenCo,699000.0,41
209129651G39,"giày thể thao nam limenco l6007 màu cốm, đế phylon êm nhẹ, đi chơi, thể thao",GTT01,"LIMENCO - Với những thiết kế kiểu dáng thời trang truyền thống cùng gam màu hiện đại, dễ dàng phối với nhiều trang phục để có phong cách thời trang trẻ trung, năng động và ấn tượng trong mọi hoạt động...",LimenCo,699000.0,39
210138611G39,"giày bốt bé gái, giày cao cổ bé gái mẫu mới nhất – gbg2009",GT01,"1.Thiết kế: có form giày dễ thương, năng động2.Chất liệu: phần trên của đôi giày được làm từ chất liệu da cao cấp, mềm mại, giúp cho bé có có cảm giác dễ chịu. Thêm vào đó là phần đế giày được làm từ...",Bee Gee,375000.0,39
21056227G40,giày sandals nữ quai hậu teramo trm12,GSD02,"MÔ TẢ SẢN PHẨM+ Giày sandal nữ + Đế cao su nguyên chất 100% có rãnh chống trơn trợt.+ Đường may tinh tế, chắc chắn.+ Quai được làm bằng vải dù có độ bền cao. + Trọng lượng chỉ 500 gram+ Được sản xuất ...",Teramo,119000.0,40
21059093G39,giày sandal nam quai chéo teramo,GSD01,"MÔ TẢ SẢN PHẨM+ Giày sandal nam+ Đế cao su nguyên chất 100% có rãnh chống trơn trợt.+ Đường may tinh tế, chắc chắn.+ Quai được làm bằng vải dù có độ bền cao. + Trọng lượng chỉ 500 gram+ Được sản xuất ...",Teramo,119000.0,39
21060256G41,giày sandal nam quai chéo teramo xanh đen,GSD01,"MÔ TẢ SẢN PHẨM+ Giày sandal nam+ Đế cao su nguyên chất 100% có rãnh chống trơn trợt.+ Đường may tinh tế, chắc chắn.+ Quai được làm bằng vải dù có độ bền cao. + Trọng lượng chỉ 500 gram+ Được sản xuất ...",Teramo,119000.0,41
21060817G40,giày sandal nam quai chéo xanh rêu teramo,GSD01,"MÔ TẢ SẢN PHẨM+ Giày sandal nam+ Đế cao su nguyên chất 100% có rãnh chống trơn trợt.+ Đường may tinh tế, chắc chắn.+ Quai được làm bằng vải dù có độ bền cao. + Trọng lượng chỉ 500 gram+ Được sản xuất ...",Teramo,119000.0,40
210961594G40,giày thể thao biti's sports nam,GTT01," Kiểu dáng giày thon gọn, mũi và form ôm vừa vặn từ gót lên đến cổ chân, thoải mái khi vận động và di chuyển. Thiết kế dây giày có thể điều chỉnh để phù hợp với kích cỡ của chân. Thân giày sử dụng chấ...",Biti's,869000.0,40
212598820G40,giày thể thao nam phong cách mới – gna1013,GTT01,"Giày thể thao nam thời trang, giày chạy bộ nam ôm chân thoáng khíGiày được thiết kế đẹp mắt, có tính thẩm mỹ caoThiết kế da cao cấp mềm, thoáng khíMũi giày ôm theo dáng bàn chân, không gây khó chịu...",Bee Gee,250000.0,40
212602652G41,giày thể thao nam phong cách mới – gna1014,GTT01,"Giày thể thao nam thời trang, giày chạy bộ nam ôm chân thoáng khíGiày được thiết kế đẹp mắt, có tính thẩm mỹ caoThiết kế da cao cấp mềm, thoáng khíMũi giày ôm theo dáng bàn chân, không gây khó chịu...",Bee Gee,375000.0,41
212604731G40,giày thể thao nam phong cách mới – gna1015,GTT01,"Giày thể thao nam thời trang, giày chạy bộ nam ôm chân thoáng khíGiày được thiết kế đẹp mắt, có tính thẩm mỹ caoThiết kế da cao cấp mềm, thoáng khíMũi giày ôm theo dáng bàn chân, không gây khó chịu...",Bee Gee,410000.0,40
21399819G41,giày sandal nam teramo cao cấp add-01,GSD01,"Dép TRM được sản xuất trên thiết bị và kỹ thuật công nghệ cao, thiết kế đơn giản quai ngang ôm chân.Chất liệu cao cấp nhập từ nước ngoài, đế được làm từ cao su và đúc theo công nghệ tiên tiến của Nhậ...",Teramo,150000.0,41
216940208G40,giày boot nữ da bò biggben cao 7 phân bon4,GT02,"FOM GIÀY BÉ CÁC BẠN CÂN NHẮC TĂNG 1 SIZEBoot Nữ với chất liệu Da Bò bền đẹp kết hợp đế cao su êm nhẹ chống trơn trượt giúp bạn Nam luôn thoải mái, tự tin khi đi chơi, dạo phố, đi làm nơi công sở hay ...",BIGGBEN,799000.0,40
217426433G41,giày boots nam cổ lửng da bò thật titi đô đế đốc tờ cao cấp dt2020,GT01,"Giày Boots Nam Cổ Lửng Da Bò Thật TiTi ĐÔ Đế Đốc Tờ Cao Cấp DT2020 Giày Dép Được Gia Công Tại Xưởng ShopHoàn Trả Tiền 100% Hoặc 1 Đổi 1 Nếu Shop Giao Không Đúng Hàng, Không Đúng Như Mô Tả+ THÔNG...",HA NAM,529000.0,41
217564040G40,"giày thể thao nam asia, đế kếp, bền, rẻ, dùng cho lao động và thể thao size 36-44",GTT01,.------------------------------------------------------------------------------------------------------------------Giày thể thao Asia vốn rất quen thuộc với những người dân quê tôi.Những người lao đ...,ASIA,159000.0,40
217759811G41,giày sandal nữ quai dây mảnh titi đô thời trang cao cấp dnu2075d,GSD02,"Giày Sandal Nữ Quai Dây Mảnh TiTi ĐÔ Thời Trang Cao Cấp DNU2075d- Giày Dép Được Gia Công Tại Xưởng Shop- Hoàn Trả Tiền 100% Hoặc 1 Đổi 1 Nếu Shop Giao Không Đúng Hàng, Không Đúng Như Mô Tả.+ THÔ...",HA NAM,129000.0,41
217760265G39,giày sandal nữ quai dây mảnh titi đô thời trang cao cấp dnu2110d,GSD02,"Giày Sandal Nữ Quai Dây Mảnh TiTi ĐÔ Thời Trang Cao Cấp DNU2110d- Giày Dép Được Gia Công Tại Xưởng Shop- Hoàn Trả Tiền 100% Hoặc 1 Đổi 1 Nếu Shop Giao Không Đúng Hàng, Không Đúng Như Mô Tả.+ THÔ...",HA NAM,129000.0,39
217772947G40,"giầy thể thao retro runner am306234 sport1 siêu nhẹ, siêu êm, siêu thoáng và thời trang",,"       Dòng giầy thể thao Retro Runner AM-SPORT1: Siêu nhẹ, siêu êm, siêu thoáng và thời trang   Xuất xứ: Việt Nam   Thương hiệu: AM-Sport1   Giới tính: Unisex   Size: từ 35-44 (nữ có thể chọn...",AM,1190000.0,40
229996720G40,giầy thể thao nam aldo wavespec,,Thương hiệu thời trang ALDO là hãng thời trang Canada chuyên mang đến những thiết kế sang trọng và tinh tế về phụ kiện giầy dép và túi xách. ALDO được phân phối độc quyền tại Việt Nam bởi Công ty cổ p...,Aldo,1140000.0,40
23166857G40,giày sandal nữ biggben da bò thật sdn33,GSD02, Được làm Bằng chất liệu Da Bò Thật 100% .Sandal Nữ được xử lý đặc biệt để tạo Phong cách trẻ trung và Nữ tính.Bạn có thể kết hợp với các loại trang phục hằng ngày tùy theo sở thích và phong c...,BIGGBEN,329000.0,40
23611674G39,bật lửa zippo 216 the boots,GT01,"Bật Lửa Zippo 216 The Boots - Bật lửa Zippo chính hãng ""made in USA 100%"", với thiết kế tinh tế và đẳng cấp.Âm thanh mở nắp đặc trưng với tiếng ""click"", cho bạn cảm giác thoải mái khi sử dụng.Chống ...",Zippo,800000.0,39
241660800G41,giày sandal vento avatar nữ chính hãng - màu be cam/đen xanh sd10112,GSD02,       THÔNG TIN SẢN PHẨM:   Size: Từ 36-39   Chất liệu: Đế cao su đúc dây dù êm nhẹ   Giá bán lẻ: 355.000 VNĐ   MÔ TẢ SẢN PHẨM:   - Sandal Vento được sản xuất theo công nghệ Nhật Bản với tín...,Vento,355000.0,41
242265656G40,bốt điện thoại bên rìa thế giới (*** sách chính hãng ***),GT01,"TÁC PHẨM: BỐT ĐIỆN THOẠI BÊN RÌA THẾ GIỚINXB: Phụ Nữ Việt NamCông ty phát hành: Huy Hoàng books------------BỐT ĐIỆN THOẠI BÊN RÌA THẾ GIỚI - Sách bán chạy toàn cầu, đã xuất bản tại 21 quốc giaGIỚI THI...",,115988.0,40
245769935G41,giày sandal nữ the bily 02w quai chéo đôi - màu đỏ bl02wd,GSD02,"Giày Sandal The Bily  sản xuất theo công nghệ cao và hàng đầu tại Việt Nam, được thiết kế dành cho các bạn yêu thích sự tối giản, trẻ trung và tiện lợi. Giày Sandal Nữ The Bily 02W Quai Chéo Đôi với...",THE BILY,389000.0,41
245770486G40,giày sandal nữ the bily 02w quai chéo đôi - màu cam bl02wc,GSD02,"Giày Sandal The Bily  sản xuất theo công nghệ cao và hàng đầu tại Việt Nam, được thiết kế dành cho các bạn yêu thích sự tối giản, trẻ trung và tiện lợi. Giày Sandal Nữ The Bily 02W Quai Chéo Đôi với...",THE BILY,389000.0,40
245770724G40,giày sandal nữ the bily 02w quai chéo đôi - màu kem bl02wk,GSD02,"Giày Sandal The Bily  sản xuất theo công nghệ cao và hàng đầu tại Việt Nam, được thiết kế dành cho các bạn yêu thích sự tối giản, trẻ trung và tiện lợi. Giày Sandal Nữ The Bily 02W Quai Chéo Đôi với...",THE BILY,389000.0,40
245772951G41,giày sandal nữ the bily 03w quai ngang - màu đỏ bl03wd,GSD02,"Giày Sandal The Bily  sản xuất theo công nghệ cao và hàng đầu tại Việt Nam, được thiết kế dành cho các bạn yêu thích sự tối giản, trẻ trung và tiện lợi. Giày Sandal Nữ The Bily 03W Quai Ngang với th...",THE BILY,369000.0,41
245773108G40,giày sandal nữ the bily 03w quai ngang - màu kem bl03wk,GSD02,"Giày Sandal The Bily  sản xuất theo công nghệ cao và hàng đầu tại Việt Nam, được thiết kế dành cho các bạn yêu thích sự tối giản, trẻ trung và tiện lợi. Giày Sandal Nữ The Bily 03W Quai Ngang với th...",THE BILY,369000.0,40
245773289G40,giày sandal nữ the bily 04w 3 quai ngang - màu đỏ bl04wd,GSD02,"Giày Sandal The Bily  sản xuất theo công nghệ cao và hàng đầu tại Việt Nam, được thiết kế dành cho các bạn yêu thích sự tối giản, trẻ trung và tiện lợi. Giày Sandal Nữ The Bily 04W 3 Quai Ngang với ...",THE BILY,379000.0,40
245773835G41,giày sandal nữ the bily 04w 3 quai ngang - màu cam bl04wc,GSD02,"Giày Sandal The Bily  sản xuất theo công nghệ cao và hàng đầu tại Việt Nam, được thiết kế dành cho các bạn yêu thích sự tối giản, trẻ trung và tiện lợi. Giày Sandal Nữ The Bily 04W 3 Quai Ngang với ...",THE BILY,379000.0,41
245774219G41,giày sandal nữ the bily 04w 3 quai ngang - màu kem bl04wk,GSD02,"Giày Sandal The Bily  sản xuất theo công nghệ cao và hàng đầu tại Việt Nam, được thiết kế dành cho các bạn yêu thích sự tối giản, trẻ trung và tiện lợi. Giày Sandal Nữ The Bily 04W 3 Quai Ngang với ...",THE BILY,379000.0,41
246160702G41,khủng hoảng rô bốt,GT01,Khủng Hoảng Rô BốtHình thức Bìa mềmLời Kazuto SANJODịch giả Nguyễn Kim Ngọc (nhóm SakuraKids)Nhà xuất bản Hà NộiGiá bìa 129.000đSố trang 196 trangKhổ giấy 15x22cmTrọng lượng 250 gramNăm phát ...,,116100.0,41
247061483G39,bốt điện thoại bên rìa thế giới (*** sách chính hãng ***),GT02,"Bốt Điện Thoại Bên Rìa Thế Giới (*** Sách Chính Hãng ***)Công Ty Phát Hành: Huy Hoàng BooksNhà Xuất Bản: Phụ Nữ Việt Nam “Sách bán chạy toàn cầu, đã xuất bản tại 21 quốc gia”.------------GIỚI THIỆU TÁ...",,115988.0,39
247956370G40,bốt cho bé gái đế vuông cá tính cao qua mắt cá chân màu đen sành điệu khóa kéo kết hợp cột dây boot cao cổ phù hợp đi học biểu diễn văn nghệ trẻ em nam nữ 3 - 12 tuổi gc62,GT01,Boot cho bé gái hay là loai giày bốt cổ cao trẻ em được thiết kế đặc biệt với kiểu dáng thời trang cá tính mang phong cách riêng cho các cô nàng nhí sành điệu thời trang và năng động. Giày boot bé g...,OEM,260000.0,40
247958741G41,boots cổ cao cho bé trai 1 đến 5 tuổi khỏe khoắn và năng động 3 màu đen nâu trắng thời trang gc63,GT02,Giày boot cổ cao cho bé không chỉ dòng sản phẩm thời trang mà còn là đôi giày trẻ em giữ ấm bảo vệ đôi chân cho bé khi mùa đông về. Là một trong những mẫu giày dép trẻ em dáng boot cổ cao mới nhất của...,OEM,195000.0,41
249008754G40,"giày thể thao nam nữ chất liệu mềm mại, phong cách cá tính năng dộng – gnu2029",GTT01,"1.Thiết kế: có form giày dễ thương, năng động, cá tính2.Chất liệu: phần trên của đôi giày được làm từ chất liệu da cao cấp, mềm mại, giúp cho người mang giày có cảm giác dễ chịu. Thêm vào đó là phần ...",Bee Gee,380000.0,40
249011279G40,"giày thể thao nam nữ chất liệu da mềm mại, phong cách cá tính năng dộng – gnu2031",GTT01,"1.Thiết kế: có form giày dễ thương, năng động, cá tính2.Chất liệu: phần trên của đôi giày được làm từ chất liệu da cao cấp, mềm mại, giúp cho người mang giày có cảm giác dễ chịu. Thêm vào đó là phần ...",Bee Gee,320000.0,40
249700534G40,combo sách tô màu - thế giới rô bốt và xe cộ (6 cuốn) (tái bản),GT01,"<div class=""content user-select-text"" tabindex=""0"" aria-description="""" aria-label=""Sent by Copilot: **giới thiệu sách****Combo Sách Tô Màu - Thế Giới Rô Bốt Và Xe Cộ (6 Cuốn)**. Cùng khám phá thế gi...",,109000.0,40
249935663G40,giày boot nữ cổ thấp da bò thật biggben cao 5 phân bon5,GT02,"Thương hiệu: BIGBENBoot nữ cổ thấpFOM GIÀY BÉ CÁC BẠN CÂN NHẮC TĂNG 1 SIZEBoot Nữ với chất liệu Da Bò bền đẹp kết hợp đế cao su êm nhẹ chống trơn trượt giúp bạn Nam luôn thoải mái, tự tin khi đi ch...",BIGGBEN,799000.0,40
249967896G39,giày boot nữ cổ thấp da bò thật biggben cao 7 phân bon6,GT02,"Thương hiệu: BIGBENBoot nữ cổ thấpFOM GIÀY BÉ CÁC BẠN CÂN NHẮC TĂNG 1 SIZEBoot Nữ với chất liệu Da Bò bền đẹp kết hợp đế cao su êm nhẹ chống trơn trượt giúp bạn Nam luôn thoải mái, tự tin khi đi ch...",BIGGBEN,799000.0,39
249970641G41,giày boot nữ cổ thấp da bò thật biggben cao 5 phân bon8,GT02,"Thương hiệu: BIGBENBoot nữ cổ thấpFOM GIÀY BÉ CÁC BẠN CÂN NHẮC TĂNG 1 SIZEBoot Nữ với chất liệu Da Bò bền đẹp kết hợp đế cao su êm nhẹ chống trơn trượt giúp bạn Nam luôn thoải mái, tự tin kh...",BIGGBEN,749000.0,41
251396215G39,giày thể thao nam biti's hunter core,GTT01,"- Phần thân trên/ upper dệt/ Knits thoải mái , co giãn.- Đế: Phylon/ Cao su tạo độ uốn gấp tốt.- Có dây buộc - Do màn hình và điều kiện ánh sáng khác nhau, màu sắc thực tế của sản phẩm có thể chênh...",Biti's,785000.0,39
252261843G40,giày boots nam geox u spherica ec11 wide b,GT01,"• Giày boots cổ ngắn dành cho nam với thiết kế tối giản, thoải mái cho những ngày bận rộn thêm dễ chịu. Được chế tác từ da đen trơn, Spherica EC11 có tính thẩm mỹ cổ điển phù hợp với phong cách Chelse...",GEOX,5700000.0,40
2525605G39,giày boot nam cột dây huy hoàng ht7191 - nâu,GT01,"    Giày Boot Nam Cột Dây Huy Hoàng HT7191 - Nâu với chất liệu da bò bền đẹp kết hợp đế êm nhẹ chống trơn trượt giúp bạn nam luôn thoải mái, tự tin khi đi chơi, dạo phố, đi làm nơi công sở hay đi dự t...",Huy Hoàng,999000.0,39
253148464G39,"giày thể thao nam chất liệu da mềm mại, phong cách cá tính năng dộng – gna1028",GTT01,"1.Thiết kế: có form giày dễ thương, năng động, cá tính, phần trên của đôi giày được làm từ chất liệu da cao cấp, mềm mại, giúp cho người mang giày có cảm giác dễ chịu. Thêm vào đó là phần đế giày được...",Bee Gee,600000.0,39
253149207G40,"giày thể thao nam chất liệu da mềm mại, phong cách cá tính năng dộng – gna1029",GTT01,"1.Thiết kế: có form giày dễ thương, năng động, cá tính, phần trên của đôi giày được làm từ chất liệu da cao cấp, mềm mại, giúp cho người mang giày có cảm giác dễ chịu. Thêm vào đó là phần đế giày được...",Bee Gee,760000.0,40
262058064G41,giày boot nữ cổ thấp da bò thật biggben cao 5 phân bon7,GT02,"Thương hiệu: BIGBENBoot nữ cổ thấpFOM GIÀY BÉ CÁC BẠN CÂN NHẮC TĂNG 1 SIZEBoot Nữ với chất liệu Da Bò bền đẹp kết hợp đế cao su êm nhẹ chống trơn trượt giúp bạn Nam luôn thoải mái, tự tin khi đ...",BIGGBEN,799000.0,41
262520301G40,giày boots nữ geox d brogue d,GT02,• Giày boots cổ thấp của nữ mang đến kết hợp hoàn hảo giữa sự cá tính và nét quyến rũ cổ điển. BROGUE  nâng tầm phong cách và biến đôi boots cổ điển thành một biểu tượng phong cách thời trang hiệ...,GEOX,6200000.0,40
262571775G41,giày sandal nữ da bò thật biggben cao cấp sdn90,GSD02,Thương hiệu: BIGBENChất Liệu :Da bò thật 100%Kích Thước :từ 35 đến 40Đế Cao :3 cmSản phẩm được bảo hành 1 năm HƯỚNG DẪN BẢO QUẢNBảo quản nơi thoáng mátTránh tiếp xúc hóa chất mạnhGiày...,BIGGBEN,309000.0,41
262581961G40,giày sandal nữ da bò thật biggben cao cấp sdn92,GSD02,Thương hiệu: BIGBENChất Liệu :Da bò thật 100%Kích Thước :từ 35 đến 40Đế Cao :4cmSản phẩm được bảo hành 1 năm HƯỚNG DẪN BẢO QUẢNBảo quản nơi thoáng mátTránh tiếp xúc hóa chất mạnhGiày ...,BIGGBEN,349000.0,40
262796010G39,giày boots nam cao cổ đế đốc tờ titi đô da bò thật cao cấp dt2022d,GT01,"Giày Boots Nam Cao Cổ Đế Đốc Tờ TiTi ĐÔ Da Bò Thật Cao Cấp DT2022DGiày Dép Được Gia Công Tại Xưởng ShopHoàn Trả Tiền 100% Hoặc 1 Đổi 1 Nếu Shop Giao Không Đúng Hàng, Không Đúng Như Mô Tả+ THÔNG ...",HA NAM,820000.0,39
262863364G39,giày bốt da cho bé trai bé gái mang phong cách hàn quốc size 26-36 hàng nhập quảng châu cao cấp,GT01,Size 26 (16cm)Size 27 (16.5cm)Size 28 (17.2cm)Size 29 (18cm)Size 30 (18.5cm)Size 31 (19cm)Size 32 (19.6cm)Size 33 (20.1cm)Size 34 (20.7cm)Size 35 (21.4cm)Size 36 (22cm)CHẤT LIỆU – Cam kết d...,OEM,214200.0,39
262864439G41,giày bốt cho bé gái phong cách chiến binh đẹp diện tết size 26-36 hàng quảng châu cao cấp,GT01,"Kích thước lòng giày26 (16,2cm)27 (16,8cm)28 (17,5cm)29 (18,1cm)30 (18,7cm)31 (19.3cm)32 (19,9cm)33 (20.5cm)34 (21.2cm)35 (21.8cm)36 (22.5cm)CHẤT LIỆU – Cam kết da PU mềm dẻo đem đến cho c...",OEM,204000.0,41
263093204G41,"giày bốt nữ cổ ngắn màu đen 4p ro308 rosata tại bcashop khóa nút tiện lợi, mùi nhọn sang trọng thể hiện đẳng cấp",GT02,"ROSATA - thương hiệu giày thời trang nữ cao cấp THUẦN VIỆT NHƯNG CHẤT LƯỢNG QUỐC TẾ----Giày bốt nữ cổ ngắn màu đen 4p RO308 ROSATA tại BCASHOP khóa nút tiện lợi, mùi nhọn sang trọng thể hiện đẳng cấp...",Rosata,549000.0,41
263093240G39,"giày bốt nữ cổ ngắn màu trắng kem 4p ro308 rosata tại bcashop khóa nút tiện lợi, mùi nhọn sang trọng thể hiện đẳng cấp",GT02,"ROSATA - thương hiệu giày thời trang nữ cao cấp THUẦN VIỆT NHƯNG CHẤT LƯỢNG QUỐC TẾ----Giày bốt nữ cổ ngắn màu trắng kem 4p RO308 ROSATA tại BCASHOP khóa nút tiện lợi, mùi nhọn sang trọng thể hiện đẳ...",Rosata,549000.0,39
263103233G40,rainbow boots,GT02,"    Rainbow Boots   All the kids in school have a pair of Rainbow Boots well, all of them except Denzil! So he pretends that his are being customised and soon he's trapped in a web of lies. But ar...",,131900.0,40
263491077G40,giày thể thao nam columbia peakfreak™ ii outdry™ - 2005101247,GTT01,"Giày thể thao nam Columbia Peakfreak Ii Outdry - 2005101247Đặc điểm nổi bật: GIÀY ĐI BỘ ĐƯỜNG DÀI NAM COLUMBIA PEAKFREAK II OUTDRYĐôi giày đi bộ này có khả năng chống thấm nước tốt, thoáng khí và đư...",Columbia,2047000.0,40
263985522G41,giày thể thao nam columbia peakfreak ii outdry - 2005101053,GTT01,"Giày thể thao nam Columbia Peakfreak Ii Outdry - 2005101053Đặc điểm nổi bật: Nơi sản xuất: Hàng sản xuất ở nước thứ 3 tùy từng lô hàng (Việt Nam, Trung Quốc, Ấn Độ, C)Hướng dẫn bảo quản:• Hạn chế k...",Columbia,2040000.0,41
2683363G41,giày boot nữ cột dây huy hoàng ht7920 - đen,GT02,"    Giày Boot Nữ Cột Dây Huy Hoàng HT7920 - Đen với thiết kế trẻ trung đầy nữ tính cực kì phù hợp với những bạn nữ yêu thích phong cách nhẹ nhàng, quý phái.    Giày được gia công tinh tế từ chất liệu ...",Huy Hoàng,999000.0,41
270306516G40,giày sandal nữ da bò thật biggben cao cấp sdn93,GSD02,Thương hiệu: BIGBENChất Liệu :Da bò thật 100%Kích Thước :từ 35 đến 40Đế Cao :3 cmSản phẩm được bảo hành 1 năm HƯỚNG DẪN BẢO QUẢNBảo quản nơi thoáng mátTránh tiếp xúc hóa chất mạnhGià...,BIGGBEN,299000.0,40
270552153G39,giày thể thao bitis nam (39-45),GTT01,"MÔ TẢ SẢN PHẨMPhong cách thời trang đề cao sự thoải mái với các đường nét uyển chuyển cùng phối màu trung tính, sẵn sàng cùng bạn song hành trên mọi hành trình hè này.  Lượt dệt 3D kết hợp Mesh mát,...",Biti's,1329000.0,39
270784004G39,giày sandal nữ teva voya infinity - 1019622-blk,GSD02,"Giày sandal nữ Teva Voya Infinity - 1019622-BLKĐặc điểm nổi bật: GIÀY XĂNG ĐAN NỮ TEVA VOYA INFINITYThanh lịch và thoải mái với lớp đế ngoài Mush nổi tiếng của Teva, Voya Infinity với thiết kế đan ...",TEVA,845000.0,39
270794749G39,giày thể thao thông dụng bitis nam basic,GTT01,Giày Thể Thao Thông Dụng Nam Nữ BSM000600TRG/BSW000600Mã sản phẩm: BSM000600TRG/BSW000600TRG● Kích thước: 35-36-37-38-39-40-41-42-43● Màu sắc: Đen - Trắng+ Mẫu giày thể thao giá rẻ cho đối tượng ...,Biti's,350000.0,39
270813007G41,giày thể thao bitis nam cao cấp,GTT01,"Giày với kiểu dáng đơn giản nhưng thời trang, mang lại sự thoải mái và tự tin cho bạn suốt ngày dài.  Quai Si cao cấp, bền chắc, mang lại nhẹ nhàng, êm ái cho bàn chân. Đặc biệt thiết kế quai năng độn...",Biti's,769000.0,41
270813814G39,giày thể thao nam (39-44),GTT01,"Giày với kiểu dáng đơn giản nhưng thời trang, mang lại sự thoải mái và tự tin cho bạn suốt ngày dài.  Quai Si cao cấp, bền chắc, mang lại nhẹ nhàng, êm ái cho bàn chân. Đặc biệt thiết kế quai năng độn...",Biti's,435000.0,39
270859803G40,giày thể thao sneaker goya gy232,GTT02,"Là một trong những mẫu giày chính hãng do công ty Goya sản xuất và phân phối.Có kiểu dáng rất hiện đại trẻ trung, phù hợp đi chơi, dã ngoại, hoạt động thể dục cho những tín đồ đam mê phong cách thể t...",GOYA,950000.0,40
270979519G39,giày sandal nữ teva hurricane xlt2 - 1019235-btnm,GSD02,"Giày sandal nữ Teva Hurricane Xlt2 - 1019235-BTNMĐặc điểm nổi bật: GIÀY XĂNG ĐAN NỮ TEVA HURRICANE XLT2Bản nâng cấp mới của Hurricane XLT, Hurricane XLT2 hoàn toàn mới mẻ, được trang bị đệm lót gót c...",TEVA,862000.0,39
271139563G39,"giày thể thao nam chất liệu da mềm mại, phong cách cá tính năng dộng – gna1033",GTT01,"Giày thể thao nam chất liệu da mềm mại, phong cách cá tính năng dộng – GNA10331.Thiết kế: có form giày dễ thương, năng động, cá tính, phần trên của đôi giày được làm từ chất liệu da cao cấp, mềm mại,...",Bee Gee,420000.0,39
271139661G39,"giày thể thao nam chất liệu da mềm mại, phong cách cá tính năng dộng – gna1034",GTT01,"1.Thiết kế: có form giày dễ thương, năng động, cá tính, phần trên của đôi giày được làm từ chất liệu vải cao cấp, mềm mại, giúp cho người mang giày có cảm giác dễ chịu. Thêm vào đó là phần đế giày đượ...",Bee Gee,420000.0,39
271245599G39,bốt điện thoại bên rìa thế giới - quel che affidiamo al vento,GT01,"I. GIỚI THIỆUBốt Điện Thoại Bên Rìa Thế Giới - Quel Che Affidiamo Al VentoBỐT ĐIỆN THOẠI BÊN RÌA THẾ GIỚI - Sách bán chạy toàn cầu, đã xuất bản tại 21 quốc gia Lấy cảm hứng từ một bốt điện thoại có ...",,114000.0,39
271288764G40,giày thể thao bitis hunter nam (39-45),GTT01,"ĐẶC TÍNH KỸ THUẬT & ĐẶC ĐIỂM NỔI BẬT- Đế: chất liệu Phylon, đàn hồi uốn gấp.- Đế ngoài: được dán cao su tăng sự trơn trượt bởi công thức cải tiến.- Phần thân trên / mũ quai: tạo miếng Si đắp v...",Biti's,749000.0,40
271388823G41,"sách - puss in boots by rob lloyd jones (uk edition, paperback)",GT01,    Ships from and sold by EXPERAL Singapore  Publisher: Usborne Publishing Ltd  Origin: United Kingdom (Imported)   ISBN 13: 9781803705026  Condition: Brandnew   Binding: paperback  Pages: 2...,,381600.0,41
271389476G39,"sách - axel scheffler's fairy tales: puss in boots by axel scheffler (uk edition, hardcover)",GT02,    Ships from and sold by EXPERAL Singapore  Publisher: Scholastic  Origin: United Kingdom (Imported)   ISBN 13: 9780702318283  Condition: Brandnew   Binding: hardcover  Pages: 32  Dimenson...,,434000.0,39
271392620G40,giày boot da bò thật nam biggben cao cấp bt7,GT01,"THÔNG TIN SẢN PHẨMThương Hiệu: BIGBENXuất xứ: Việt NamSize : 38 đến 44Chất liệu: Da bò thật .Đế Doctor Cao cấpPhong cách : Nam tính, bụi bặm, khỏe khoắn và mạnh mẽ.Giày Boot Nam v...",BIGGBEN,1199000.0,40
271422903G41,giày sandal xỏ ngón biggben da bò thật cao 3 phân sdcg97,GSD01,"Thương hiệu: BIGBENGiày sandal xỏ ngón nữChật Liệu: Da bò thật 100%Giày Nữ với chất liệu Da Bò bền đẹp kết hợp đế cao su êm nhẹ chống trơn trượt giúp bạn Nam luôn thoải mái, tự tin khi đi chơ...",BIGGBEN,299000.0,41
271423184G41,giày sandal biggben da bò thật cao 3 phân sdcg99,GSD01,"Thương hiệu: BIGBENGiày sandal cao gótChật Liệu: Da bò thật 100%Giày Nữ với chất liệu Da Bò bền đẹp kết hợp đế cao su êm nhẹ chống trơn trượt giúp bạn Nam luôn thoải mái, tự tin khi đi chơi, ...",BIGGBEN,319000.0,41
271423280G39,giày sandal biggben da bò thật cao 3 phân sdcg100,GSD02,"Thương hiệu: BIGBENGiày sandal cao gótChật Liệu: Da bò thật 100%Giày Nữ với chất liệu Da Bò bền đẹp kết hợp đế cao su êm nhẹ chống trơn trượt giúp bạn Nam luôn thoải mái, tự tin khi đi chơi, ...",BIGGBEN,309000.0,39
271434319G41,giày sandal nữ da bò thật biggben cao cấp sdn94,GSD02,Thương hiệu: BIGBENChất Liệu :Da bò thật 100%Kích Thước :từ 35 đến 40Đế Cao :2 cmSản phẩm được bảo hành 1 năm HƯỚNG DẪN BẢO QUẢNBảo quản nơi thoáng mátTránh tiếp xúc hóa chất mạnhGià...,BIGGBEN,319000.0,41
271437673G39,"giày thể thao nam đế êm nhẹ, thoáng khí đế cao su đúc, chống trơn trượt hạn chế mòn – bee gee - gna1001z",GTT01,"Giày thể thao nam thời trang, giày chạy bộ nam ôm chân thoáng khíGiày được thiết kế đẹp mắt, có tính thẩm mỹ caoThiết kế da cao cấp mềm, thoáng khíMũi giày ôm theo dáng bàn chân, không gây khó chịu...",Bee Gee,500000.0,39
271439141G41,giày sandal nữ da bò thật biggben cao cấp sdn95,GSD02,Thương hiệu: BIGBENChất Liệu :Da bò thật 100%Kích Thước :từ 35 đến 40Đế Cao :2 cmSản phẩm được bảo hành 1 năm HƯỚNG DẪN BẢO QUẢNBảo quản nơi thoáng mátTránh tiếp xúc hóa chất mạnhGià...,BIGGBEN,299000.0,41
271439441G41,giày sandal nữ da bò thật biggben cao cấp sdn96,GSD02,Thương hiệu: BIGBENChất Liệu :Da bò thật 100%Kích Thước :từ 35 đến 40Đế Cao :2 cmSản phẩm được bảo hành 1 năm HƯỚNG DẪN BẢO QUẢNBảo quản nơi thoáng mátTránh tiếp xúc hóa chất mạnhGià...,BIGGBEN,299000.0,41
271439563G41,giày sandal nữ da bò thật biggben cao cấp sdn97,GSD02,Thương hiệu: BIGBENChất Liệu :Da bò thật 100%Kích Thước :từ 35 đến 40Đế Cao :2 cmSản phẩm được bảo hành 1 năm HƯỚNG DẪN BẢO QUẢNBảo quản nơi thoáng mátTránh tiếp xúc hóa chất mạnhGià...,BIGGBEN,279000.0,41
271536812G40,giày sandal vento shadow,GSD01,"Dáng thời trang thịnh hành.Tổ hợp đế bằng cao su chống trơn trượt, chống shock,Có thể giặt bằng tay hoặc bằng máy.Thiết kế thoáng mát chống mồ hôi chânĐa năng trong sử dụng (trong mọi th...",Vento,235000.0,40
271541246G39,vascara giày sandal metallic quai mảnh - sdn 0762,GSD01,"THÔNG TIN SẢN PHẨM:Chất liệu: Da nhân tạo phủ ánh kimKiểu gót: Gót nhọnĐộ cao gót: 9,00 cmLoại mũi: Hở mũi (mũi vuông)Phù hợp sử dụng: Đi làm, đi học, đi chơi HƯỚNG DẪN CHỌN SIZE:Bước 1: Ch...",Vascara,682000.0,39
271960326G39,"giày sandal chống trơn, trượt – gsd9028",GSD02,"1.Thiết kế: có form giày dễ thương, năng động, cá tính2.Công nghệ đế: Giày ép đế3.Chất liệu đế: Cao su4.Giới tính áp dụng: Nam/ Nữ5.Nhóm Tuổi áp dụng: Teen, người lớn6.Phong cách: Hàn Quốc7.Size...",Bee Gee,380000.0,39
271961300G41,"giày sandal chống trơn, trượt – gsd9030",GSD01,".Thiết kế: có form giày dễ thương, năng động, cá tính2.Công nghệ đế: Giày ép đế3.Chất liệu đế: Cao su4.Giới tính áp dụng: Nam/ Nữ5.Nhóm Tuổi áp dụng: Teen, người lớn6.Phong cách: Hàn Quốc7.Size:...",Bee Gee,270000.0,41
271974116G41,giày thể thao nam nữ – gna1044,GTT01,"1.Thiết kế: giày lười,dễ thương, năng động, cá tính, phần trên của đôi giày được làm từ chất liệu da thoáng khí cao cấp, mềm mại, giúp cho người mang giày có cảm giác dễ chịu. Thêm vào đó là phần đế g...",Bee Gee,300000.0,41
271978429G40,giày thể thao nam nữ - gna1046,GTT01,"Giày thể thao nam thời trang, giày chạy bộ nam ôm chân thoáng khíGiày được thiết kế đẹp mắt, có tính thẩm mỹ caoThiết kế da cao cấp mềm, thoáng khíMũi giày ôm theo dáng bàn chân, không gây khó chịu...",Bee Gee,680000.0,40
271985641G40,"giày thể thao nam, giày thoáng khí đế cao su đúc, chống trơn trượt hạn chế mòn - g3003",GTT01,"Giày thể thao nam thời trang, giày ôm chân thoáng khíGiày được thiết kế đẹp mắt, có tính thẩm mỹ caoThiết kế da cao cấp mềm, thoáng khíMũi giày ôm theo dáng bàn chân, không gây khó chịu trong lúc d...",Bee Gee,440000.0,40
271985775G40,"giày thể thao nam - g3001, giày thoáng khí đế cao su đúc, chống trơn trượt hạn chế mòn",GTT01,"Giày thể thao nam thời trang, giày ôm chân thoáng khíGiày được thiết kế đẹp mắt, có tính thẩm mỹ caoThiết kế da cao cấp mềm, thoáng khíMũi giày ôm theo dáng bàn chân, không gây khó chịu trong lúc d...",Bee Gee,450000.0,40
271986702G40,"giày thể thao nam,, giày thoáng khí đế cao su đúc, chống trơn trượt hạn chế mòn - g3002",GTT01,"Giày thể thao nam thời trang, giày ôm chân thoáng khíGiày được thiết kế đẹp mắt, có tính thẩm mỹ caoThiết kế da cao cấp mềm, thoáng khíMũi giày ôm theo dáng bàn chân, không gây khó chịu trong lúc d...",Bee Gee,420000.0,40
272362226G40,khủng hoảng rô bốt,GT02,"Khủng hoảng rô bốt là một trong bộ 8 sách Truyện tranh tri thức khoa học, cuốn sách với những nét vẽ minh họa sinh động sẽ đưa chúng ta tìm hiểu cụ thể về lĩnh vực phát triển rô bốt.Asahina Ryo và Ak...",,116100.0,40
272406020G40,bốt điện thoại bên rìa thế giới - quel che affidiamo al vento,GT01,"BỐT ĐIỆN THOẠI BÊN RÌA THẾ GIỚI - Sách bán chạy toàn cầu, đã xuất bản tại 21 quốc gia  Lấy cảm hứng từ một bốt điện thoại có thật tại tỉnh Iwate, nằm phía đông bắc Nhật Bản, tác giả Laura Imai Messina...",,145000.0,40
272554406G39,"giày thể thao nam đế êm nhẹ, thoáng khí đế cao su đúc, chống trơn trượt hạn chế mòn – bee gee - g3004",GTT01,"Giày thể thao nam thời trang, giày chạy bộ nam ôm chân thoáng khíGiày được thiết kế đẹp mắt, có tính thẩm mỹ caoThiết kế da cao cấp mềm, thoáng khíMũi giày ôm theo dáng bàn chân, không gây khó chịu...",Bee Gee,150000.0,39
272618073G41,giày boot cho bé phong cách dễ thương - gte9064,GT01,"1.Thiết kế: có form giày dễ thương2.Chất liệu: phần trên của đôi giày được làm từ chất liệu da cao cấp, mềm mại, giúp cho bé có có cảm giác dễ chịu. Thêm vào đó là phần đế giày được làm từ cao su với...",Bee Gee,290000.0,41
272618604G39,giày boot cho bé phong cách dễ thương - gte9065,GT01,"1.Thiết kế: có form giày dễ thương2.Chất liệu: phần trên của đôi giày được làm từ chất liệu da cao cấp, mềm mại, giúp cho bé có có cảm giác dễ chịu. Thêm vào đó là phần đế giày được làm từ cao su với...",Bee Gee,240000.0,39
272619741G39,giày boot cho bé phong cách dễ thương - gte9066,GT01,"1.Thiết kế: có form giày dễ thương2.Chất liệu: phần trên của đôi giày được làm từ chất liệu da cao cấp, mềm mại, giúp cho bé có có cảm giác dễ chịu. Thêm vào đó là phần đế giày được làm từ cao su với...",Bee Gee,280000.0,39
272623870G40,"giày thể thao nam đế êm nhẹ, thoáng khí đế cao su đúc, chống trơn trượt hạn chế mòn – bee gee - gna2011",GTT01,"Giày thể thao nam thời trang, giày chạy bộ nam ôm chân thoáng khíGiày được thiết kế đẹp mắt, có tính thẩm mỹ caoThiết kế da cao cấp mềm, thoáng khíMũi giày ôm theo dáng bàn chân, không gây khó chịu...",Bee Gee,540000.0,40
273056402G41,giày sandal biggben da bò thật cao 5 phân sdcg102,GSD01,"Thương hiệu: BIGBENGiày sandal cao gótChật Liệu: Da bò thật 100%Giày Nữ với chất liệu Da Bò bền đẹp kết hợp đế cao su êm nhẹ chống trơn trượt giúp bạn Nam luôn thoải mái, tự tin khi đi chơi, ...",BIGGBEN,309000.0,41
273056507G41,giày sandal biggben da bò thật cao 3 phân sdcg104,GSD02,"Thương hiệu: BIGBENGiày sandal cao gótChật Liệu: Da bò thật 100%Giày Nữ với chất liệu Da Bò bền đẹp kết hợp đế cao su êm nhẹ chống trơn trượt giúp bạn Nam luôn thoải mái, tự tin khi đi chơi, ...",BIGGBEN,319000.0,41
273056749G41,giày sandal nữ da bò thật biggben cao cấp sdn98,GSD02,Thương hiệu: BIGBENChất Liệu :Da bò thật 100%Kích Thước :từ 35 đến 40Đế Cao :2 cmSản phẩm được bảo hành 1 năm HƯỚNG DẪN BẢO QUẢNBảo quản nơi thoáng mátTránh tiếp xúc hóa chất mạnhGià...,BIGGBEN,309000.0,41
273056815G41,giày sandal nữ da bò thật biggben cao cấp sdn99,GSD02,Thương hiệu: BIGBENChất Liệu :Da bò thật 100%Kích Thước :từ 35 đến 40Đế Cao :4.5 cmSản phẩm được bảo hành 1 năm HƯỚNG DẪN BẢO QUẢNBảo quản nơi thoáng mátTránh tiếp xúc hóa chất mạnhG...,BIGGBEN,339000.0,41
273158931G39,giày thể thao cao cấp phiên bản kỷ niệm 40 năm dsmh09700,GTT02,"Bạn mong muốn sở hữu cho mình một đôi giày siêu nhẹ, êm ái, mang phong cách mạnh mẽ và thời trang. Mẫu thể thao nam Hunter X DSMH09700 phiên bản kỷ niệm 40 năm chính là items mới hoàn toàn phù hợp dàn...",Bita's,1259000.0,39
273160662G39,giày thể thao nam dsmh06700,GTT01,"Phần dây đeo: Được thiết kế với kiểu dáng tối giản, với phần lưới thông gió điểm nhấn là tấm ép Nosaw phản quang, dễ dàng nhận biết và phản chiếu khi có ánh sáng chiếu vào.Phần đế: Cấu trúc đế fylong...",Bita's,769000.0,39
273271788G41,"giày thể thao nam nữ đế êm nhẹ, thoáng khí đế cao su đúc, chống trơn trượt hạn chế mòn – bee gee - g3005",GTT01,"Giày thể thao nam thời trang, giày chạy bộ nam ôm chân thoáng khíGiày được thiết kế đẹp mắt, có tính thẩm mỹ caoThiết kế da cao cấp mềm, thoáng khíMũi giày ôm theo dáng bàn chân, không gây khó chịu...",Bee Gee,180000.0,41
273297773G40,giày sandal biggben da bò thật cao 5 phân sdcg109,GSD01,"Thương hiệu: BIGBENGiày sandal cao gótChật Liệu: Da bò thật 100%Giày Nữ với chất liệu Da Bò bền đẹp kết hợp đế cao su êm nhẹ chống trơn trượt giúp bạn Nam luôn thoải mái, tự tin khi đi chơi, ...",BIGGBEN,339000.0,40
273297898G40,giày sandal biggben da bò thật cao 5 phân sdcg110,GSD01,"Thương hiệu: BIGBENGiày sandal cao gótChật Liệu: Da bò thật 100%Giày Nữ với chất liệu Da Bò bền đẹp kết hợp đế cao su êm nhẹ chống trơn trượt giúp bạn Nam luôn thoải mái, tự tin khi đi chơi, ...",BIGGBEN,339000.0,40
273298587G41,giày sandal biggben da bò thật cao 5 phân sdcg111,GSD02,"Thương hiệu: BIGBENGiày sandal cao gótChật Liệu: Da bò thật 100%Giày Nữ với chất liệu Da Bò bền đẹp kết hợp đế cao su êm nhẹ chống trơn trượt giúp bạn Nam luôn thoải mái, tự tin khi đi chơi, ...",BIGGBEN,359000.0,41
273298733G41,giày sandal biggben da bò thật cao 5 phân sdcg112,GSD01,"Thương hiệu: BIGBENGiày sandal cao gótChật Liệu: Da bò thật 100%Giày Nữ với chất liệu Da Bò bền đẹp kết hợp đế cao su êm nhẹ chống trơn trượt giúp bạn Nam luôn thoải mái, tự tin khi đi chơi, ...",BIGGBEN,359000.0,41
273320630G41,giày sandal nữ da bò thật biggben cao cấp sdn100,GSD02,Thương hiệu: BIGBENChất Liệu :Da bò thật 100%Kích Thước :từ 35 đến 40Đế Cao :3 cmSản phẩm được bảo hành 1 năm HƯỚNG DẪN BẢO QUẢNBảo quản nơi thoáng mátTránh tiếp xúc hóa chất mạnhGià...,BIGGBEN,319000.0,41
273366771G39,giày thể thao bitis hunter nam(39-45),GTT01,"Giày Thể Thao Nam Biti's Hunter Core  ● Kích thước: 39-40-41-42-43-44-45● Màu sắc: ĐenMen – Giày Thể ThaoQuai: da tổng hợp, thun chất liệu cổ vớ co giãnĐế: Phylon,ip,cao su đàn hồiSử dụng hà...",Biti's,799000.0,39
273371724G41,bốt đùi nữ mũi nhọn da lộn lót lông pinkaha ôm chân gót cao 7cm không khoá,GT02,"Kính chào Quý khách!!!Cảm ơn quý khách đã ghé thăm Shop.------------------------------------------------------------------️ CAM KẾT CHẤT LƯỢNG 100%️ TƯ VẤN NHIỆT TÌNH, VUI VẺ️ ĐỔI TRẢ TRONG VÒNG ...",P Pinkaha,565000.0,41
273440178G39,"giày thể thao nam chất liệu vải mềm mại, phong cách cá tính năng dộng – gna2017",GTT01,"1.Thiết kế: có form giày dễ thương, năng động, cá tính, phần trên của đôi giày được làm từ chất liệu vải cao cấp, mềm mại, giúp cho người mang giày có cảm giác dễ chịu. Thêm vào đó là phần đế giày đượ...",Bee Gee,290000.0,39
273442610G41,bốt nữ cổ ngắn cao gót 7 phân ro610 rosata tại bcashop phối màu độc đáo sang trọng và thời trang,GT02,ROSATA - thương hiệu giày thời trang nữ cao cấp THUẦN VIỆT NHƯNG CHẤT LƯỢNG QUỐC TẾ------------------Bốt nữ cổ ngắn cao gót 7 phân RO610 ROSATA tại BCASHOP phối màu độc đáo giữa trắng và nâu bò sang ...,Rosata,599000.0,41
273450520G40,giày thể thao bitis hunter nam (39-45),GTT01,"Dòng giày thể thao luôn mang đến những form dáng mạnh mẽ, với những thiết kế hầm hố, bụi bặm. Chào sân bằng một thiết kế lấy ý tưởng mạnh mẽ như những chiến binh. Phần má quai ôm trọn bàn chân bằng đ...",Biti's,949000.0,40
273468171G41,giày boots nữ geox d spherica ec4.1 a,GT02,"Đôi boots cổ điển phong cách dành cho nữ, đảm bảo không chỉ mang đến bước đi nhẹ nhàng mà còn hứa hẹn mang đến cho đôi chân luôn được thoải mái. Thiết kế màu Be linh hoạt này có một phần trên ...",GEOX,6100000.0,41
273620894G39,"giày bốt nữ cổ ngắn 5p ro609 màu đen, bề mặt nhám thời trang kết hợp điểm nhấn sang trọng tạo nên thiết kế thời thượng",GT02,"ROSATA - thương hiệu giày thời trang nữ cao cấp THUẦN VIỆT NHƯNG CHẤT LƯỢNG QUỐC TẾ------------------Giày bốt nữ cổ ngắn 5p RO609 màu đen, bề mặt nhám thời trang kết hợp điểm nhấn sang trọng tạo nên ...",Rosata,529000.0,39
273637119G39,giày bốt nữ cổ thấp gót cao 8p ro607 rosata tại bcashop màu đen thiết kê đơn giản nhưng sang trọng theo đúng gu đẳng cấp,GT02,ROSATA - thương hiệu giày thời trang nữ cao cấp THUẦN VIỆT NHƯNG CHẤT LƯỢNG QUỐC TẾ------------------Giày bốt nữ cổ thấp gót cao 8p RO607 ROSATA tại BCASHOP màu đen thiết kê đơn giản nhưng sang trọn...,Rosata,549000.0,39
273637297G41,giày bốt nữ cổ thấp gót cao 8p ro607 rosata tại bcashop màu nâu thiết kê đơn giản nhưng sang trọng theo đúng gu đẳng cấp,GT02,ROSATA - thương hiệu giày thời trang nữ cao cấp THUẦN VIỆT NHƯNG CHẤT LƯỢNG QUỐC TẾ------------------Giày bốt nữ cổ thấp gót cao 8p RO607 ROSATA tại BCASHOP màu nâu thiết kê đơn giản nhưng sang trọn...,Rosata,549000.0,41
273659266G41,giày sandal biggben da bò thật cao 5 phân sdcg114,GSD02,"Thương hiệu: BIGBENGiày sandal cao gótChật Liệu: Da bò thật 100%Giày Nữ với chất liệu Da Bò bền đẹp kết hợp đế cao su êm nhẹ chống trơn trượt giúp bạn Nam luôn thoải mái, tự tin khi đi chơi, ...",BIGGBEN,349000.0,41
273659296G39,"bốt nữ cổ ngắn 7p ro617 rosata tại bcashop mũi nhọn kiểu dáng thời trang, sành điệu, độc đáo với phần dây kéo trên lạ mắt",GT02,"ROSATA - thương hiệu giày thời trang nữ cao cấp THUẦN VIỆT NHƯNG CHẤT LƯỢNG QUỐC TẾ------------------Bốt nữ cổ ngắn 7p RO617 trắng ROSATA tại BCASHOP kiểu dáng thời trang, sành điệu, độc đáo với phần...",Rosata,549000.0,39
273659336G41,"bốt nữ cổ ngắn 7p ro617 rosata tại bcashop kiểu dáng thời trang, sành điệu, độc đáo với phần dây kéo trên lạ mắt",GT02," ROSATA - thương hiệu giày thời trang nữ cao cấp THUẦN VIỆT NHƯNG CHẤT LƯỢNG QUỐC TẾ------------------Bốt nữ cổ ngắn 7p RO617 đen ROSATA tại BCASHOP kiểu dáng thời trang, sành điệu, độc đáo với phần ...",Rosata,549000.0,41
273668874G40,giày sandal nữ da bò thật biggben cao cấp sdn101,GSD02,Thương hiệu: BIGBENChất Liệu :Da bò thật 100%Kích Thước :từ 35 đến 40Đế Cao :3 cmSản phẩm được bảo hành 1 năm HƯỚNG DẪN BẢO QUẢNBảo quản nơi thoáng mátTránh tiếp xúc hóa chất mạnhGià...,BIGGBEN,309000.0,40
273679385G39,"bốt nữ cổ thấp 5p ro618 rosata tại bcashop mũi nhọn thời trang, phối mũi khác màu thân giày độc đáo sang chảnh",GT02,"ROSATA - thương hiệu giày thời trang nữ cao cấp THUẦN VIỆT NHƯNG CHẤT LƯỢNG QUỐC TẾ------------------Bốt nữ cổ thấp 5p RO618 ROSATA tại BCASHOP gót và mũi nhọn thời trang, phối mũi khác màu thân giày...",Rosata,349000.0,39
273679403G40,"bốt nữ cổ thấp 5p ro618 rosata tại bcashop phối mũi khác màu thân giày độc đáo sang chảnh, thời trang",GT02,"ROSATA - thương hiệu giày thời trang nữ cao cấp THUẦN VIỆT NHƯNG CHẤT LƯỢNG QUỐC TẾ------------------Bốt nữ cổ thấp 5p RO618 màu da ROSATA tại BCASHOP gót và mũi nhọn thời trang, phối mũi khác màu th...",Rosata,349000.0,40
273685743G41,giày sandal cole haan nữ mikaela stitchlite sandal,GSD02,"Mẫu giày sandal MIKAELA STITCHLITE SANDAL có kết cấu tối giãn, được thiết kế đề cao sự êm ái và thoải mái. Đôi giày sandal này là sự lựa chọn hoàn hảo cho những buổi dạo phố hoặc chuyến du lịch của bạ...",Cole Haan,3990000.0,41
273687877G39,giày thể thao bitis hunter nam (40-45),GTT01,"  ● Kích thước: 39-40-41-42-43-4-45● Màu sắc: REU_KEM_XANHMen – Giày Thể ThaoQuai: lưới, thun chất liệu cổ vớ co giãnĐế: Phylon,ip,cao su đàn hồiSử dụng hàng ngày, đi học, đi chơi- Do màn hì...",Biti's,1279000.0,39
273702857G39,"boots thời trang nữ cổ thấp, da lì, mũi nhọn rosata ro590 - 7p - hàng việt nam - bkstore",GT01,"MÔ TẢ SẢN PHẨM Giày được làm từ chất liệu da PU cao cấp, bền và dễ lau vết bẩn Đường may tỉ mỉ - chắc chắn - thẩm mỹ Đệm lót êm ái có khả năng hút ẩm tốt bảo vệ đôi chân của bạn luôn khô thoáng, gi...",Rosata,500000.0,39
273762403G41,"sách - from mohair suits to kinky boots - how music, clothes and going out shaped by geoff deane (uk edition, hardcover)",GT01,    Ships from and sold by EXPERAL Singapore  Publisher: Muswell Press  Origin: United Kingdom (Imported)   ISBN 13: 9781739123895  Condition: Brandnew   Binding: hardcover  Pages: 224  Dime...,,778000.0,41
273767192G40,"sách - thunder boots by naomi cartwright jones (author),rebecca ashdown (artist) (uk edition, paperback)",GT02,    Ships from and sold by EXPERAL Singapore  Publisher: Oxford University Press  Origin: United Kingdom (Imported)   ISBN 13: 9780192779021  Condition: Brandnew   Binding: Paperback  Pages: ...,,411000.0,40
273787788G39,boots thời trang nữ da bóng phối vân rosata ro603 - 8p - hàng việt nam - bkstore,GT01,"MÔ TẢ SẢN PHẨM Giày được làm từ chất liệu da PU cao cấp, bền và dễ lau vết bẩn Đường may tỉ mỉ - chắc chắn - thẩm mỹ Đệm lót êm ái có khả năng hút ẩm tốt bảo vệ đôi chân của bạn luôn khô thoáng, gi...",Rosata,590000.0,39
273788041G41,tất bốt cho bé gái 1-6 tuổi họa tiết chữ m dày dặn ấm áp kiểu dáng điệu đà thời trang,GT01,Tất bốt cho bé gái 1-6 tuổi họa tiết chữ M Shop chuyên bán hàng phân khúc TRUNG và CAO CẤP  shop CAM KẾT với khách hàng về hình ảnh chất lượng sản phẩm đúng như mô tả sản phẩmTất bốt cho bé gái 1-6 ...,OEM,39000.0,41
273795276G41,"bốt nữ cổ lỡ cao gót 10 phân màu đen ro606 rosata tại bcashop đính đá sang trọng và thời thượng, siêu siêu đẹp",GT02,ROSATA - thương hiệu giày thời trang nữ cao cấp THUẦN VIỆT NHƯNG CHẤT LƯỢNG QUỐC TẾ------------------Bốt nữ cổ lỡ cao gót 10 phân màu trắng RO606 ROSATA tại BCASHOP đính đá sang trọng và thời thượng...,Rosata,599000.0,41
273795291G41,"bốt nữ cổ lỡ cao gót 10 phân màu trắng ro606 rosata tại bcashop đính đá sang trọng và thời thượng, siêu siêu đẹp",GT02,"ROSATA - thương hiệu giày thời trang nữ cao cấp THUẦN VIỆT NHƯNG CHẤT LƯỢNG QUỐC TẾ------------------Bốt nữ cổ lỡ cao gót 10 phân màu trắng RO606 ROSATA tại BCASHOP đính đá sang trọng và thời thượng, ...",Rosata,599000.0,41
273804345G41,đồ chơi lắp ráp lego city 60428 rô bốt xây dựng trong không gian (140 chi tiết),GT02,LEGO CITY 60428 Đồ chơi lắp ráp Rô bốt xây dựng trong không gian (140 chi tiết) Leo vào buồng lái của Rô bốt xây dựng trong không gian để thực hiện chuyến thám hiểm khai thác hành tinh. Bộ đồ t...,LEGO,299000.0,41
273804988G40,"boots thời trang nữ cao gót, da lì đính hạt, mũi nhọn rosata ro606 - 10p - hàng việt nam - bkstore",GT01,"MÔ TẢ SẢN PHẨM Giày được làm từ chất liệu da PU cao cấp, bền và dễ lau vết bẩn Đường may tỉ mỉ - chắc chắn - thẩm mỹ Đệm lót êm ái có khả năng hút ẩm tốt bảo vệ đôi chân của bạn luôn khô thoáng, gi...",Rosata,600000.0,40
273807111G39,boots thời trang nữ da lì viền chỉ nổi rosata ro607 - 9p - hàng việt nam - bkstore,GT01,"MÔ TẢ SẢN PHẨM Giày được làm từ chất liệu da PU cao cấp, bền và dễ lau vết bẩn Đường may tỉ mỉ - chắc chắn - thẩm mỹ Đệm lót êm ái có khả năng hút ẩm tốt bảo vệ đôi chân của bạn luôn khô thoáng, gi...",Rosata,550000.0,39
273820938G41,"giày bốt nữ cổ thấp 8p ro603 rosata tại bcashop kết hợp phần sau giày vân nổi và phần mũi bóng sành điệu, thời trang",GT02,ROSATA - thương hiệu giày thời trang nữ cao cấp THUẦN VIỆT NHƯNG CHẤT LƯỢNG QUỐC TẾ------------------Giày bốt nữ cổ thấp 8p RO603 ROSATA tại BCASHOP kết hợp phần sau giày vân nổi và phần mũi bóng sàn...,Rosata,589000.0,41
273834496G41,giày bốt cổ cao cho bé gái phong cách hàn quốc đẹp diện đi chơi đi tiệc size 26-37 hàng quảng châu cao cấp,GT01,Kích thước lòng giàySize 26 (16cm)Size 27 (16.6cm)Size 28 (17.2cm)Size 29 (17.8cm)Size 30 (18.4cm)Size 31 (19cm)Size 32 (19.6cm)Size 33 (20.2cm)Size 34 (20.8cm)Size 35 (21.4cm)Size 36 (22cm)Size 37 (2...,OEM,234600.0,41
273836854G39,giày sandal nam nữ unisex the bily quai ngang dây dù đế ip siêu êm nhẹ màu đen-bl05,GSD01,"Giày Sandal Nam Nữ Unisex The BiLy Quai Ngang Dây Dù Đế IP Siêu Êm Nhẹ Màu Đen -BL05+Mô Tả Sản Phẩm:- Dòng sản phẩm The Bily 05 có nhiều size dành cho nam và nữ, có nhiều màu sắc, thời trang dễ dàng...",THE BILY,349000.0,39
273837299G40,giày sandal nam nữ unisex the bily quai ngang dây dù đế ip siêu êm nhẹ màu xám trắng-bl05,GSD01,"Giày Sandal Nam Nữ Unisex The BiLy Quai Ngang Dây Dù Đế IP Siêu Êm Nhẹ Màu Xám Trắng -BL05+Mô Tả Sản Phẩm:- Dòng sản phẩm The Bily 05 có nhiều size dành cho nam và nữ, có nhiều màu sắc, thời trang d...",THE BILY,349000.0,40
273837581G40,giày sandal nam nữ unisex the bily quai ngang dây dù đế ip siêu êm nhẹ màu xám cam-bl05,GSD01,"Giày Sandal Nam Nữ Unisex The BiLy Quai Ngang Dây Dù Đế IP Siêu Êm Nhẹ Màu Xám Cam-BL05+Mô Tả Sản Phẩm:- Dòng sản phẩm The Bily 05 có nhiều size dành cho nam và nữ, có nhiều màu sắc, thời trang dễ d...",THE BILY,349000.0,40
273839418G39,giày sandal nam nữ unisex the bily quai ngang dây dù đế ip siêu êm nhẹ màu xanh trắng-bl05,GSD01,"Giày Sandal Nam Nữ Unisex The BiLy Quai Ngang Dây Dù Đế IP Siêu Êm Nhẹ Màu Xanh Trắng -BL05+Mô Tả Sản Phẩm:- Dòng sản phẩm The Bily 05 có nhiều size dành cho nam và nữ, có nhiều màu sắc, thời trang ...",THE BILY,349000.0,39
273839585G40,giày sandal nam nữ unisex the bily quai ngang dây dù đế ip siêu êm nhẹ màu đen- bl07 đen,GSD01,"Giày Sandal Nam Nữ Unisex The BiLy Quai Ngang Dây Dù Đế IP Siêu Êm Nhẹ Màu Đen -BL07 Đen+Mô Tả Sản Phẩm:- Dòng sản phẩm The Bily 07 có nhiều size dành cho nam và nữ, có nhiều màu sắc, thời trang dễ ...",THE BILY,349000.0,40
273850400G40,boots thời trang nữ da vân gót trụ rosata ro609 - 5p - hàng việt nam - bkstore,GT01,"MÔ TẢ SẢN PHẨM Giày được làm từ chất liệu da PU cao cấp, bền và dễ lau vết bẩn Đường may tỉ mỉ - chắc chắn - thẩm mỹ Đệm lót êm ái có khả năng hút ẩm tốt bảo vệ đôi chân của bạn luôn khô thoáng, gi...",Rosata,530000.0,40
273860918G40,"sách - the tale of kitty in boots by beatrix potter (uk edition, hardcover)",GT02,    Ships from and sold by EXPERAL Singapore  Publisher: Penguin Random House Children's UK  Origin: United Kingdom (Imported)   ISBN 13: 9780241324561  Condition: Brandnew   Binding: hardcove...,,366000.0,40
273861366G39,"sách - puss in boots by val biro (uk edition, paperback)",GT01,    Ships from and sold by EXPERAL Singapore  Publisher: Award Publications Ltd  Origin: United Kingdom (Imported)   ISBN 13: 9781782705710  Condition: Brandnew   Binding: paperback  Pages: 2...,,273600.0,39
273872370G40,giày sandal nam nữ unisex the bily quai ngang dây dù đế ip siêu êm nhẹ màu đen-bl08,GSD01,"Giày Sandal Nam Nữ Unisex The BiLy Quai Ngang Dây Dù Đế IP Siêu Êm Nhẹ Màu Đen -BL08+Mô Tả Sản Phẩm:- Dòng sản phẩm The Bily 09 có nhiều size dành cho nam và nữ, có nhiều màu sắc, thời trang dễ dàng...",THE BILY,349000.0,40
273872582G40,giày sandal nam nữ unisex the bily quai ngang dây dù đế ip siêu êm nhẹ màu xanh kem-bl08,GSD01,"Giày Sandal Nam Nữ Unisex The BiLy Quai Ngang Dây Dù Đế IP Siêu Êm Nhẹ Màu Xanh Kem -BL08+Mô Tả Sản Phẩm:- Dòng sản phẩm The Bily 09 có nhiều size dành cho nam và nữ, có nhiều màu sắc, thời trang dễ...",THE BILY,349000.0,40
273872871G41,giày sandal nam nữ unisex the bily quai ngang dây dù đế phylon siêu êm nhẹ màu đen-bl10,GSD01,"Giày Sandal Nam Nữ Unisex The BiLy Quai Ngang Dây Dù Đế IP Siêu Êm Nhẹ Màu Đen -BL10+Mô Tả Sản Phẩm:- Dòng sản phẩm The Bily 10 có nhiều size dành cho nam và nữ, có nhiều màu sắc, thời trang dễ dàng...",THE BILY,349000.0,41
273872897G40,giày sandal nam nữ unisex the bily quai ngang dây dù đế phylon siêu êm nhẹ màu xám-bl10,GSD01,"Giày Sandal Nam Nữ Unisex The BiLy Quai Ngang Dây Dù Đế IP Siêu Êm Nhẹ Màu Xám -BL10+Mô Tả Sản Phẩm:- Dòng sản phẩm The Bily 10 có nhiều size dành cho nam và nữ, có nhiều màu sắc, thời trang dễ dàng...",THE BILY,349000.0,40
273873891G40,boots thời trang nữ khóa kéo trước rosata ro617 - 7p - hàng việt nam - bkstore,GT01,"MÔ TẢ SẢN PHẨM Giày được làm từ chất liệu da PU cao cấp, bền và dễ lau vết bẩn Đường may tỉ mỉ - chắc chắn - thẩm mỹ Đệm lót êm ái có khả năng hút ẩm tốt bảo vệ đôi chân của bạn luôn khô thoáng, gi...",Rosata,550000.0,40
273905286G41,giày thể thao nam aldo ansel,GTT01,Thương hiệu thời trang ALDO là hãng thời trang Canada chuyên mang đến những thiết kế sang trọng và tinh tế về phụ kiện giầy dép và túi xách. ALDO được phân phối độc quyền tại Việt Nam bởi Công ty cổ p...,Aldo,1020000.0,41
273937350G39,giày thể thao nam orsil 2 màu thời trang mã msh2248,GTT01,"ORSIL luôn mang đến cho khách hàng sự tự tin, tỏa sáng để thành công trong công việc, cuộc sống với phong cách thời trang riêng biệt, ấn tượng. Bên cạnh chú trọng sự êm ái, giá cả phải chăng, sản phẩm...",ORSIL,299000.0,39
273937468G39,giày thể thao nam orsil 2 màu thời trang cao cấp mã d-177,GTT01,"ORSIL luôn mang đến cho khách hàng sự tự tin, tỏa sáng để thành công trong công việc, cuộc sống với phong cách thời trang riêng biệt, ấn tượng. Bên cạnh chú trọng sự êm ái, giá cả phải chăng, sản phẩm...",ORSIL,299000.0,39
273971565G41,giày thể thao bóng giổ orsil mã 76an02,GTT02,"Giày thể thao nam là một sản phẩm được cánh mày râu ưa chuộng. Nó không chỉ đẹp mắt, tiện lợi khi sử dụng mà còn thể hiện phong cách quý ông. Nhưng việc lựa chọn một đôi giày là điều không dễ dàng. Cù...",ORSIL,299000.0,41
274046223G39,giày thể thao nam / nữ phong cách mới – g1004a,GTT01,"Giày thể thao nam/ nữ thời trang, giày chạy bộ nam ôm chân thoáng khíGiày được thiết kế đẹp mắt, có tính thẩm mỹ caoThiết kế da cao cấp mềm, thoáng khíMũi giày ôm theo dáng bàn chân, không gây khó ...",Bee Gee,440000.0,39
274069973G40,giày boots nam geox u spherica ec1 c,GT01,"                • Đôi boot cổ thấp hiện đại dành cho nam giới, hoàn hảo cho cuộc sống năng động với khả năng thoáng khí và độ êm ái xuất sắc. Thiết kế màu đen này được làm từ da bò tinh...",GEOX,5600000.0,40
274069981G40,giày boots nam geox u spherica ec1 c,GT01,"         • Đôi boot cổ thấp hiện đại dành cho nam giới, hoàn hảo cho cuộc sống năng động với khả năng thoáng khí và độ êm ái xuất sắc. Thiết kế màu nâu này được làm từ da bò tinh tế rất d...",GEOX,5600000.0,40
274070016G41,giày boots nữ geox d fluctis a,GT02,"    • Một trong những đôi boots nhẹ dành cho nữ sẽ tăng thêm phong cách, thoải mái và khả năng thoáng khí cho đôi chân của bạn mỗi ngày. Được làm từ da mềm mại và mịn màng, kiểu dáng thời tr...",GEOX,6200000.0,41
274070036G39,giày boots nam geox u portello a,GT01," • Giày boots Portello với thiết kế siêu nhẹ, đơn giản và cực kỳ thoải mái dành cho nam. Phần trên giày được thiết kế từ da lộn kết hợp với chất liệu vải co giãn trong gam màu đen trung tính k...",GEOX,5500000.0,39
274070058G39,giày boots nam geox u adacter f b,GT01,"    • Một đôi boot nam cổ thấp với khả năng thoáng khí đặt trên đế giày êm ái và có độ ma sát nổi bật, ngay cả trên địa hình không đồng đều. Phiên bản màu đen tinh tế này làm từ chất liệu ...",GEOX,5800000.0,39
274070080G41,giày boots nam geox u spherica ec7 a,GT01," • Đôi boots nam cổ thấp với thiết kế hiện đại, đảm bảo bước đi nhẹ nhàng và đôi chân thoải mái hàng ngày. Sự lựa chọn hoàn hảo cho những ngày thời tiết lạnh, thiết kế linh hoạt này được làm ...",GEOX,6500000.0,41
274070205G39,giày boots nam geox u portello a,GT01,"• Giày boots Portello với thiết kế siêu nhẹ, đơn giản và cực kỳ thoải mái dành cho nam. Phần trên giày được thiết kế từ da lộn kết hợp với chất liệu vải co giãn trong gam màu xanh đậm trung tín...",GEOX,5500000.0,39
274080055G40,"sách - learn microservices with spring boot 3 - a practical approach using event by tarun telang (uk edition, paperback)",GT02,    Ships from and sold by EXPERAL Singapore  Publisher: APress  Origin: United Kingdom (Imported)   ISBN 13: 9781484297568  Condition: Brandnew   Binding: paperback  Pages: 416  Dimensons: ...,,2628000.0,40
274191130G40,"giày thể thao nam đế êm nhẹ, thoáng khí đế cao su đúc, chống trơn trượt hạn chế mòn  – bee gee - gna1021",GTT01,"Giày thể thao nam thời trang, ôm chân thoáng khíGiày được thiết kế đẹp mắt, có tính thẩm mỹ caoThiết kế da cao cấp mềm dễ chịuSize: 39,40,41,42,43,44Mũi giày ôm theo dáng bàn chân, không gây khó c...",Bee Gee,300000.0,40
274200674G41,"sách - my sparkly new boots by jenny goebel (uk edition, hardcover)",GT02,    Ships from and sold by EXPERAL Singapore  Publisher: Random House USA Inc  Origin: United Kingdom (Imported)   ISBN 13: 9780593427415  Condition: Brandnew   Binding: hardcover  Pages: 24...,,368000.0,41
274223807G40,"sách - puss in magical motocross boots - a graphic novel by omar lozano (uk edition, paperback)",GT02,    Ships from and sold by EXPERAL Singapore  Publisher: Capstone Global Library Ltd  Origin: United Kingdom (Imported)   ISBN 13: 9781398235038  Condition: Brandnew   Binding: paperback  Pag...,,485000.0,40
274234177G40,"sách - reading champion: boots in the mud - independent reading purple 8 by morena forza (uk edition, paperback)",GT01,    Ships from and sold by EXPERAL Singapore  Publisher: Hachette Children's Group  Origin: United Kingdom (Imported)   ISBN 13: 9781445171722  Condition: Brandnew   Binding: paperback  Pages...,,391000.0,40
274242737G41,"sách - boots of leather, slippers of gold - the history of a lesbian commun by madeline d. davis (uk edition, paperback)",GT02,    Ships from and sold by EXPERAL Singapore  Publisher: Taylor & Francis Ltd  Origin: United Kingdom (Imported)   ISBN 13: 9781138785854  Condition: Brandnew   Binding: paperback  Pages:...,,2306000.0,41
274252492G41,"sách - new boots and pantisocracies by w. n. herbert (uk edition, paperback)",GT01,    Ships from and sold by EXPERAL Singapore  Publisher: Smokestack Books  Origin: United Kingdom (Imported)   ISBN 13: 9780993454752  Condition: Brandnew   Binding: paperback  Pages: 160  D...,,552000.0,41
274253808G41,"sách - bare feet and tackety boots by archie cameron (uk edition, paperback)",GT02,    Ships from and sold by EXPERAL Singapore  Publisher: Luath Press Ltd  Origin: United Kingdom (Imported)   ISBN 13: 9780946487172  Condition: Brandnew   Binding: paperback  Pages: 164  Di...,,514000.0,41
274256897G41,"sách - a boot up west sus pubs by philip christian (uk edition, hardcover)",GT02,    Ships from and sold by EXPERAL Singapore  Publisher: PiXZ Books  Origin: United Kingdom (Imported)   ISBN 13: 9780857100962  Condition: Brandnew   Binding: hardcover  Pages: 64  Dimenson...,,423000.0,41
274256901G39,"sách - a boot up exmoor by shirley hesman (uk edition, hardcover)",GT01,    Ships from and sold by EXPERAL Singapore  Publisher: PiXZ Books  Origin: United Kingdom (Imported)   ISBN 13: 9780857100870  Condition: Brandnew   Binding: hardcover  Pages: 64  Dimenson...,,423000.0,39
274256903G41,"sách - a boot up newcastle & gateshead by anthony toole (uk edition, hardcover)",GT02,    Ships from and sold by EXPERAL Singapore  Publisher: PiXZ Books  Origin: United Kingdom (Imported)   ISBN 13: 9780857100788  Condition: Brandnew   Binding: hardcover  Pages: 64  Dimenson...,,422000.0,41
274256905G41,"sách - a boot up the shropshire union canal - from brewood to market drayton by mike cope (uk edition, hardcover)",GT01,    Ships from and sold by EXPERAL Singapore  Publisher: PiXZ Books  Origin: United Kingdom (Imported)   ISBN 13: 9780857100771  Condition: Brandnew   Binding: hardcover  Pages: 64  Dimenson...,,423000.0,41
274256911G41,"sách - a boot up the lincolnshire wolds - 10 leisure walks of discovery by hugh marrows (uk edition, hardcover)",GT01,    Ships from and sold by EXPERAL Singapore  Publisher: PiXZ Books  Origin: United Kingdom (Imported)   ISBN 13: 9780857100559  Condition: Brandnew   Binding: hardcover  Pages: 64  Dimenson...,,426000.0,41
274256917G41,"sách - a boot up the northumberland national park - 10 leisure walks of discove by anthony toole (uk edition, hardcover)",GT01,    Ships from and sold by EXPERAL Singapore  Publisher: PiXZ Books  Origin: United Kingdom (Imported)   ISBN 13: 9780857100344  Condition: Brandnew   Binding: hardcover  Pages: 64  Dimenson...,,423000.0,41
274256921G39,"sách - a boot up the cotswolds - 10 leisure walks of discovery by rodney legg (uk edition, hardcover)",GT01,    Ships from and sold by EXPERAL Singapore  Publisher: PiXZ Books  Origin: United Kingdom (Imported)   ISBN 13: 9780857100207  Condition: Brandnew   Binding: hardcover  Pages: 64  Dimenson...,,426000.0,39
274256923G39,"sách - a boot up the norfolk broads - 10 leisure walks of discovery by tony rothe (uk edition, hardcover)",GT01,    Ships from and sold by EXPERAL Singapore  Publisher: PiXZ Books  Origin: United Kingdom (Imported)   ISBN 13: 9780857100177  Condition: Brandnew   Binding: hardcover  Pages: 64  Dimenson...,,423000.0,39
274256927G40,"sách - a boot up bodmin moor and around - 10 leisure walks fo discovery by terry faull (uk edition, hardcover)",GT01,    Ships from and sold by EXPERAL Singapore  Publisher: PiXZ Books  Origin: United Kingdom (Imported)   ISBN 13: 9780857100016  Condition: Brandnew   Binding: hardcover  Pages: 64  Dimenson...,,423000.0,40
274258503G40,"sách - the enchanted boot - italian fairy tales & their tellers by nancy l. canepa (uk edition, paperback)",GT02,    Ships from and sold by EXPERAL Singapore  Publisher: Wayne State University Press  Origin: United Kingdom (Imported)   ISBN 13: 9780814334751  Condition: Brandnew   Binding: paperback  Pa...,,2869000.0,40
274345536G41,"sách - mrs boots goes to war by deborah carr (uk edition, paperback)",GT02,    Ships from and sold by EXPERAL Singapore  Publisher: HarperCollins Publishers  Origin: United Kingdom (Imported)   ISBN 13: 9780008436339  Condition: Brandnew   Binding: paperback  Pages:...,,592000.0,41
274347242G39,"sách - mrs boots of pelham street by deborah carr (uk edition, paperback)",GT02,    Ships from and sold by EXPERAL Singapore  Publisher: HarperCollins Publishers  Origin: United Kingdom (Imported)   ISBN 13: 9780008377120  Condition: Brandnew   Binding: paperback  Pages:...,,592000.0,39
274347493G41,"sách - mrs boots by deborah carr (uk edition, paperback)",GT02,    Ships from and sold by EXPERAL Singapore  Publisher: HarperCollins Publishers  Origin: United Kingdom (Imported)   ISBN 13: 9780008363314  Condition: Brandnew   Binding: paperback  Pages:...,,577000.0,41
274357872G40,bốt nữ đế xuồng 4p ro623 rosata tại bcashop mũi vuông sành điệu kết hợp huy hiệu thời trang cực đẹp nhé,GT02,ROSATA - thương hiệu giày thời trang nữ cao cấp THUẦN VIỆT NHƯNG CHẤT LƯỢNG QUỐC TẾ------------------Bốt nữ đế xuồng 4p RO623 ROSATA tại BCASHOP màu đen mũi vuông sành điệu kết hợp huy hiệu thời tran...,Rosata,489000.0,40
274358181G40,bốt nữ đế xuồng 4p ro623 rosata tại bcashop mũi vuông sành điệu kết hợp huy hiệu thời trang cực đẹp nhé các nàng,GT02,ROSATA - thương hiệu giày thời trang nữ cao cấp THUẦN VIỆT NHƯNG CHẤT LƯỢNG QUỐC TẾ------------------Bốt nữ trắng đế xuồng 4p RO623 ROSATA tại BCASHOP mũi vuông sành điệu kết hợp huy hiệu thời trang ...,Rosata,489000.0,40
274376633G39,giày strappy sandal quai ống - sdk 0341,GSD02,"THÔNG TIN SẢN PHẨM: Chất liệu: Da nhân tạo Kiểu gót: Gót có đúp Độ cao gót: 3 cm Loại mũi: Hở mũi (mũi vuông) Phù hợp sử dụng: Đi làm, đi học, đi chơiHƯỚNG DẪN CHỌN SIZE: Bước 1: Chuẩn bị g...",Vascara,663000.0,39
274381304G41,sách - bốt điện thoại bên rìa thế giới - quel che affidiamo al vento - 2h books,GT02,"Giới thiệu sản phẩm: BỐT ĐIỆN THOẠI BÊN RÌA THẾ GIỚI - Sách bán chạy toàn cầu, đã xuất bản tại 21 quốc gia Lấy cảm hứng từ một bốt điện thoại có thật tại tỉnh Iwate, nằm phía đông bắc Nhật Bản, tác g...",,116000.0,41
274428979G40,giày bốt thời trang nữ 9p ro595 rosata tại bcashop đính đá lấp lánh quanh vòng cổ giày quá là thời thượng,GT02,ROSATA - thương hiệu giày thời trang nữ cao cấp THUẦN VIỆT NHƯNG CHẤT LƯỢNG QUỐC TẾ------------------Giày bốt thời trang nữ 9p RO595 màu Đen ROSATA tại BCASHOP đính đá lấp lánh quanh vòng cổ giày quá...,Rosata,549000.0,40
274429007G40,giày bốt thời trang nữ cao gót 9 phân ro595 rosata tại bcashop đính đá lấp lánh quanh vòng cổ giày quá là thời thượng,GT02,ROSATA - thương hiệu giày thời trang nữ cao cấp THUẦN VIỆT NHƯNG CHẤT LƯỢNG QUỐC TẾ------------------Giày bốt thời trang nữ 9p RO595 màu Kem ROSATA tại BCASHOP đính đá lấp lánh quanh vòng cổ giày quá...,Rosata,549000.0,40
274457345G41,"giày boots nữ cổ ngắn mũi nhọn 7p ro590 rosata tại bcashop thiết kế đơn giản nhưng sang trọng, không cầu kì mà khí chất",GT02,"ROSATA - thương hiệu giày thời trang nữ cao cấp THUẦN VIỆT NHƯNG CHẤT LƯỢNG QUỐC TẾ------------------Giày boots nữ cổ ngắn mũi nhọn 7p RO590 ROSATA tại BCASHOP thiết kế đơn giản nhưng sang trọng, khô...",Rosata,499000.0,41
274457393G40,"bốt nữ cổ ngắn cao cấp 7 phân ro590 rosata tại bcashop thiết kế đơn giản nhưng sang trọng, không cầu kì mà khí chất",GT02,"ROSATA - thương hiệu giày thời trang nữ cao cấp THUẦN VIỆT NHƯNG CHẤT LƯỢNG QUỐC TẾ------------------Giày boots nữ cổ ngắn mũi nhọn 7p RO590 ROSATA tại BCASHOP thiết kế đơn giản nhưng sang trọng, khô...",Rosata,499000.0,40
274651434G41,"giày sandal chống trơn, trượt – gsd9088",GSD02,"Thiết kế: có form giày dễ thương, năng động, cá tính2.Công nghệ đế: Giày ép đế3.Chất liệu đế: Cao su4.Giới tính áp dụng: Nam5.Nhóm Tuổi áp dụng: Teen, người lớn6.Phong cách: Hàn Quốc7.Size: 39-4...",Bee Gee,420000.0,41
274657498G41,"giày sandal chống kiểu dáng mới trơn, trượt – gsd9090",GSD02,"Thiết kế: có form giày dễ thương, năng động, cá tính2.Công nghệ đế: Giày ép đế3.Chất liệu đế: Cao su4.Giới tính áp dụng: Nam5.Nhóm Tuổi áp dụng: Teen, người lớn6.Phong cách: Hàn Quốc7.Size: 38-4...",Bee Gee,400000.0,41
274838698G40,"giày thể thao nam laceva, giày sneaker mã g04",GTT01,"* CÁCH MUA NHIỀU SẢN PHẨM VỚI SIZE VÀ MÀU KHÁC NHAU.-- Các bạn chọn màu và size, rồi thêm vào giỏ hàng.-- Sau đó chọn màu và size tiếp theo rồi cho vào giỏ hàng ( Như đi siêu thị ấy)-- sau khi chọn...",Laceva,299000.0,40
274838725G39,"giày thể thao nam laceva, giày sneakers phối màu sành điệu g03",GTT01,"* CÁCH MUA NHIỀU SẢN PHẨM VỚI SIZE VÀ MÀU KHÁC NHAU.-- Các bạn chọn màu và size, rồi thêm vào giỏ hàng.-- Sau đó chọn màu và size tiếp theo rồi cho vào giỏ hàng ( Như đi siêu thị ấy)-- sau khi chọn...",Laceva,250000.0,39
274838759G40,"giày thể thao nam laceva, giày sneaker nam mã g13",GTT01,"* CÁCH MUA NHIỀU SẢN PHẨM VỚI SIZE VÀ MÀU KHÁC NHAU.-- Các bạn chọn màu và size, rồi thêm vào giỏ hàng.-- Sau đó chọn màu và size tiếp theo rồi cho vào giỏ hàng ( Như đi siêu thị ấy)-- sau khi chọn...",Laceva,299000.0,40
274838774G41,"giày thể thao sneakers, giày nam phối da lộn g08",GTT01,"* CÁCH MUA NHIỀU SẢN PHẨM VỚI SIZE VÀ MÀU KHÁC NHAU.-- Các bạn chọn màu và size, rồi thêm vào giỏ hàng.-- Sau đó chọn màu và size tiếp theo rồi cho vào giỏ hàng ( Như đi siêu thị ấy)-- sau khi chọn...",Laceva,250000.0,41
274854774G39,"giày sandal nữ kiểu dáng mới chống trơn, trượt – gsdn01",GSD02,"Thiết kế: có form giày dễ thương, năng động, cá tính2.Công nghệ đế: Giày ép đế3.Chất liệu đế: Cao su4.Giới tính áp dụng: Nữ5.Nhóm Tuổi áp dụng: Teen, người lớn6.Phong cách: Hàn Quốc7.Size: 36-40...",Bee Gee,420000.0,39
274855296G39,"giày sandal nữ kiểu dáng mới chống trơn, trượt – gsdn02",GSD02,"Thiết kế: có form giày dễ thương, năng động, cá tính2.Công nghệ đế: Giày ép đế3.Chất liệu đế: Cao su4.Giới tính áp dụng: Nữ/ Nam5.Nhóm Tuổi áp dụng: Teen, người lớn6.Phong cách: Hàn Quốc7.Size: ...",Bee Gee,480000.0,39
274908376G40,"giày sandal nữ kiểu dáng mới chống trơn, trượt – gsdn03",GSD02,"Thiết kế: có form giày dễ thương, năng động, cá tính2.Công nghệ đế: Giày ép đế3.Chất liệu đế: Cao su4.Giới tính áp dụng: Nữ/ Nam5.Nhóm Tuổi áp dụng: Teen, người lớn6.Phong cách: Hàn Quốc7.Size: ...",Bee Gee,350000.0,40
274910413G41,"giày thể thao nam, giày chạy bộ đế êm nhẹ, thoáng khí đế cao su đúc, chống trơn trượt hạn chế mòn  – gna2018",GTT01,"Giày thể thao nam giày chạy bộ đế êm nhẹ, thoáng khí đế cao su đúc, chống trơn trượt hạn chế mòn Giày thể thao thời trang, giày chạy bộ ôm chân thoáng khíGiày được thiết kế đẹp mắt, có tính thẩm mỹ ...",Bee Gee,680000.0,41
274917979G39,giày thể thao nam phong cách mới – g1001,GTT01,"Thiết kế: có form giày Sneaker trẻ trung, năng động, phong cách cá tínhChất liệu: Phần trên của đôi giày được làm từ chất liệu da cao cấp và vải, mềm mại, giúp cho người mang giày có cảm giác thoải m...",Bee Gee,980000.0,39
274932464G39,đồ chơi lắp ráp mô hình 2 in 1 mecha rô bốt chu tước ( chọn mẫu),GT01,Đồ Chơi Lắp Ráp Mô Hình 2 in 1 Mecha ( chọn mẫu) Đồ Chơi Lắp Ráp Mô Hình 2 in 1 Mecha Rô bốt Bạch  103330 - Số miếng ghép: 475 Đồ Chơi Lắp Ráp Mô Hình 2 in 1 Mecha Rô bốt Thanh Long - 103331 - Số...,Sembo Block,385000.0,39
274946486G41,"giày thể thao nam đế êm nhẹ, thoáng khí đế cao su đúc, chống trơn trượt hạn chế mòn – bee gee - gna2021",GTT01,"Giày thể thao nam thời trang, giày chạy bộ nam ôm chân thoáng khíGiày được thiết kế đẹp mắt, có tính thẩm mỹ caoThiết kế da cao cấp mềm, thoáng khíMũi giày ôm theo dáng bàn chân, không gây khó chịu...",Bee Gee,500000.0,41
274948039G40,"giày thể thao nam đế êm nhẹ, thoáng khí đế cao su đúc, chống trơn trượt hạn chế mòn – bee gee - gna2019",GTT01,"Giày thể thao nam thời trang, giày chạy bộ nam ôm chân thoáng khíGiày được thiết kế đẹp mắt, có tính thẩm mỹ caoThiết kế da cao cấp mềm, thoáng khíMũi giày ôm theo dáng bàn chân, không gây khó chịu...",Bee Gee,370000.0,40
274992671G40,"giày thể thao nam, giày chạy bộ đế êm nhẹ, thoáng khí đế cao su đúc, chống trơn trượt hạn chế mòn – bee gee – gna2023",GTT01,"Giày thể thao nam - nữ  thời trang, giày chạy bộ nam ôm chân thoáng khíGiày được thiết kế đẹp mắt, có tính thẩm mỹ caoThiết kế vải cao cấp mềm, thoáng khíMũi giày ôm theo dáng bàn chân, không gây k...",Bee Gee,520000.0,40
274996607G40,xe ô tô biến hình robot rô bốt đồ chơi mô hình oto cho bé mysun,GT02,"Đồ chơi xe ô tô biến hình robot là một loại đồ chơi đa năng và thú vị. Vừa có thể được chơi như một chiếc xe ô tô thông thường, vừa có thể biến thành robot mạnh mẽ. Đồ chơi xe ô tô biến hình kết hợp h...",MySun,55000.0,40
275002099G41,"giày thể thao nam, giày chạy bộ, leo núi  phong cách mới – gna2022",GTT01,"1.Thiết kế: có form giày trẻ trung, năng động, phong cách cá tính, sang trọng2.Chất liệu: phần trên của đôi giày được làm từ chất liệu da cao cấp, mềm mại, giúp cho người mang giày có có cảm giác dễ ...",Bee Gee,690000.0,41
275066823G40,"giày thể thao ,giày cầu lông bóng chuyền",GTT02,"Giày cầu lông, giày bóng chuyền nam nữ XP. Trong các mẫu giày thể thao chuyên dụng chơi cầu lông, bóng chuyền, bóng bàn giá rẻ trên thị trường không thể không nhắc tới các sản phẩm giày thể thao thươn...",Prowin,359000.0,40
275134006G39,giày strappy sandals quai ống - sdk 0344,GSD01,"THÔNG TIN SẢN PHẨM: Chất liệu: Da nhân tạo Hoa văn, chi tiết:  Kiểu gót:  Độ cao gót: cm Loại mũi: Hở mũi Phù hợp sử dụng: Đi làm, đi học, đi chơiHƯỚNG DẪN CHỌN SIZE: Bước 1: Chuẩn bị giấy...",Vascara,565000.0,39
275181298G40,"giày thể thao nam, giày chạy bộ đế êm nhẹ, thoáng khí đế cao su đúc, chống trơn trượt hạn chế mòn  – gna2024",GTT01,"Giày thể thao nam giày chạy bộ đế êm nhẹ, thoáng khí đế cao su đúc, chống trơn trượt hạn chế mòn Giày thể thao thời trang, giày chạy bộ ôm chân thoáng khíGiày được thiết kế đẹp mắt, có tính thẩm mỹ ...",Bee Gee,380000.0,40
275270637G40,"boot nữ pabno pn652, giày bốt nữ da mịn cổ cao gót vuông 8cm, giày boot nữ chính hãng khóa bên mũi nhọn cao cấp",GT02,"Boot da cổ cao mũi nhọn cao 8cm PABNO PN652----------  1. THÔNG TIN SẢN PHẨM:Boot không còn xa lạ với chị em phụ nữ Á Châu, Boot có thể phối hợp cùng nhiều trang phục khác nhau, trong nhiều sự kiện...",PABNO,945000.0,40
275293599G41,"giày boot nam banuli cổ điển dây buộc da bê italian b1pd3 (da veg itali mềm dẻo, đế kháng trượt, bảo hành trọn đời)",GT01,"Banuli được thành lập vào năm 2015. Qua những năm kinh nghiệm làm giày, chúng tôi không ngừng cải tiến để tạo ra những đôi giày nam có chất lượng tốt và phù hợp với xu hướng thời trang hiện đại. Lợi ...",Banuli,1200000.0,41
275416803G41,giày sandal nữ da bò thật biggben cao 5 phân sdn102,GSD02,Thương hiệu: BIGBENChất Liệu :Da bò thật 100%Kích Thước :từ 35 đến 40Đế Cao :5 cmSản phẩm được bảo hành 1 năm HƯỚNG DẪN BẢO QUẢNBảo quản nơi thoáng mátTránh tiếp xúc hóa chất mạnhGià...,BIGGBEN,329000.0,41
275579517G40,"giày thể thao nam asia, đế kếp, bền, rẻ, dùng cho lao động và thể thao (màu trắng)",GTT01," Giày thể thao Asia vốn rất quen thuộc với những người dân quê tôi.Những người lao động sử dụng đi làm.Các ông, các bà, các cô các chú sử dụng đi chơi bóng chuyền hơi, đi bộ.Những thanh niên chơi ...",ASIA,159000.0,40
275790736G41,giày thể thao nam aldo coolspec,GTT01,Thương hiệu thời trang ALDO là hãng thời trang Canada chuyên mang đến những thiết kế sang trọng và tinh tế về phụ kiện giầy dép và túi xách. ALDO được phân phối độc quyền tại Việt Nam bởi Công ty cổ p...,Aldo,1375000.0,41
275825501G40,giày thể thao nam biti's bsm000701 siêu nhẹ,GTT01,"Bộ đế LiteFlex 2.0- Chất liệu IP ""nhẹ như bay"" chỉ từ 204g- Độ đàn hồi > 40%- Lớp cao su tăng ma sát Đế lót kháng khuẩn cùng công nghệ 6 điểm giúp Massage lòng bàn chân Mũ quai vải dệt cải tiến ...",Biti's,480000.0,40
275836243G39,giày thể thao bitis nam (39-44),GTT01,"Mô Tả:  Bên cạnh những đôi giày slip-on, giày đế bệt truyền thống thì giày lười thể thao hiện nay cũng khá phổ biến. Những thứ này thường cung cấp sự hỗ trợ và thoải mái của một đôi giày thể thao mà...",Biti's,435000.0,39
275851525G41,giày sandal nữ da bò thật biggben cao 5 phân sdn103,GSD02,Thương hiệu: BIGBENChất Liệu :Da bò thật 100%Kích Thước :từ 35 đến 40Đế Cao :5 cmSản phẩm được bảo hành 1 năm HƯỚNG DẪN BẢO QUẢNBảo quản nơi thoáng mátTránh tiếp xúc hóa chất mạnhGià...,BIGGBEN,329000.0,41
275853154G40,giày sandal nữ da bò thật biggben cao 5 phân sdn104,GSD02,Thương hiệu: BIGBENChất Liệu :Da bò thật 100%Kích Thước :từ 35 đến 40Đế Cao :5 cmSản phẩm được bảo hành 1 năm HƯỚNG DẪN BẢO QUẢNBảo quản nơi thoáng mátTránh tiếp xúc hóa chất mạnhGià...,BIGGBEN,349000.0,40
275853364G41,giày sandal nữ da bò thật biggben cao cấp sdn105,GSD02,Thương hiệu: BIGBENChất Liệu :Da bò thật 100%Kích Thước :từ 35 đến 40Đế Cao :1 cmSản phẩm được bảo hành 1 năm HƯỚNG DẪN BẢO QUẢNBảo quản nơi thoáng mátTránh tiếp xúc hóa chất mạnhGià...,BIGGBEN,299000.0,41
275854978G40,giày sandal nữ da bò thật biggben cao cấp sdn106,GSD02,Thương hiệu: BIGBENChất Liệu :Da bò thật 100%Kích Thước :từ 35 đến 40Đế Cao :2cmSản phẩm được bảo hành 1 năm HƯỚNG DẪN BẢO QUẢNBảo quản nơi thoáng mátTránh tiếp xúc hóa chất mạnhGiày...,BIGGBEN,299000.0,40
275911002G41,giày thể thao bitis nam (39-44),GTT01,"Mô tả sản phẩm:BITI’S HUNTER với xu hướng thiết kế thời thượng mà linh hoạt, để outfit nào cũng chất, hành trình nào cũng cân nhẹ:Với mũ quai chất liệu da tổng hợp cao cấp kết hợp cùng vải poly, sẵ...",Biti's,869000.0,41
275929133G40,giày nữ đẹp cao gót 7 phân ro674 rosata tại bcashop phối với thiết kế bốt nữ cổ thấp vừa thời trang vừa sành điệu,GT02,ROSATA - thương hiệu giày thời trang nữ cao cấp THUẦN VIỆT NHƯNG CHẤT LƯỢNG QUỐC TẾ------------------Giày nữ đẹp cao gót 7 phân RO674 ROSATA tại BCASHOP phối với thiết kế bốt nữ cổ thấp vừa thời tran...,Rosata,449000.0,40
275991774G41,giày thể thao nam aldo aros,GTT01,Thương hiệu thời trang ALDO là hãng thời trang Canada chuyên mang đến những thiết kế sang trọng và tinh tế về phụ kiện giầy dép và túi xách. ALDO được phân phối độc quyền tại Việt Nam bởi Công ty cổ p...,Aldo,1225000.0,41
276006183G41,giày bốt cho bé phong cách dễ thương gte9098,GT01,"1.Thiết kế: có form giày dễ thương, năng động, hot Trend2.Chất liệu: phần trên của đôi giày được làm từ chất liệu da cao cấp, mềm mại, giúp cho bé có có cảm giác dễ chịu. Thêm vào đó là phần đế giày ...",Bee Gee,260000.0,41
276006462G40,giày bốt cho bé phong cách dễ thương gte9099,GT02,"1.Thiết kế: có form giày dễ thương, năng động, hot Trend2.Chất liệu: phần trên của đôi giày được làm từ chất liệu da cao cấp, mềm mại, giúp cho bé có có cảm giác dễ chịu. Thêm vào đó là phần đế giày ...",Bee Gee,340000.0,40
276007608G41,giày bốt cho bé phong cách dễ thương gte9100,GT01,"1.Thiết kế: có form giày dễ thương, năng động, hot Trend2.Chất liệu: phần trên của đôi giày được làm từ chất liệu da cao cấp, mềm mại, giúp cho bé có có cảm giác dễ chịu. Thêm vào đó là phần đế giày ...",Bee Gee,300000.0,41
276008111G39,giày bốt cho bé phong cách dễ thương gte9102,GT01,"1.Thiết kế: có form giày dễ thương, năng động, hot Trend2.Chất liệu: phần trên của đôi giày được làm từ chất liệu da cao cấp, mềm mại, giúp cho bé có có cảm giác dễ chịu. Thêm vào đó là phần đế giày ...",Bee Gee,370000.0,39
276008215G41,giày bốt cho bé phong cách dễ thương - gte9101,GT02,"1.Thiết kế: có form giày dễ thương, năng động, hot Trend2.Chất liệu: phần trên của đôi giày được làm từ chất liệu da cao cấp, mềm mại, giúp cho bé có có cảm giác dễ chịu. Thêm vào đó là phần đế giày ...",Bee Gee,300000.0,41
276023038G41,"giày thể thao nam đế êm nhẹ, thoáng khí đế cao su đúc, chống trơn trượt hạn chế mòn  – bee gee - gna2030",GTT01,"Giày thể thao nam thời trang, giày chạy bộ nam ôm chân thoáng khíGiày được thiết kế đẹp mắt, có tính thẩm mỹ caoThiết kế da cao cấp mềm, thoáng khí        Size: 39,40,41,42,43,44,45Mũi giày ôm the...",Bee Gee,650000.0,41
276025651G39,"giày thể thao nam đế êm nhẹ, thoáng khí đế cao su đúc, chống trơn trượt hạn chế mòn  – bee gee - gna2031",GTT01,"Giày thể thao nam thời trang, giày chạy bộ nam ôm chân thoáng khíGiày được thiết kế đẹp mắt, có tính thẩm mỹ caoThiết kế da cao cấp mềm, thoáng khí        Size: 39,40,41,42,43,44,45Mũi giày ôm the...",Bee Gee,670000.0,39
276030362G40,"giày thể thao nam đế êm nhẹ, thoáng khí đế cao su đúc, chống trơn trượt hạn chế mòn  – bee gee - gna2032",GTT01,"Giày thể thao nam thời trang, giày chạy bộ nam ôm chân thoáng khíGiày được thiết kế đẹp mắt, có tính thẩm mỹ caoThiết kế da cao cấp mềm, thoáng khí        Size: 40,41,42,43,44,45Màu: TrắngMũi già...",Bee Gee,540000.0,40
276098515G39,giày sandal nữ da bò thật biggben cao cấp sdn107,GSD02,Thương hiệu: BIGBENChất Liệu :Da bò thật 100%Kích Thước :từ 35 đến 40Đế Cao :2cmSản phẩm được bảo hành 1 năm HƯỚNG DẪN BẢO QUẢNBảo quản nơi thoáng mátTránh tiếp xúc hóa chất mạnhGiày...,BIGGBEN,299000.0,39
276098540G41,giày sandal nữ da bò thật biggben cao cấp sdn108,GSD02,Thương hiệu: BIGBENChất Liệu :Da bò thật 100%Kích Thước :từ 35 đến 40Đế Cao :2cmSản phẩm được bảo hành 1 năm HƯỚNG DẪN BẢO QUẢNBảo quản nơi thoáng mátTránh tiếp xúc hóa chất mạnhGiày...,BIGGBEN,299000.0,41
276098607G39,giày sandal nữ da bò thật biggben cao cấp sdn109,GSD02,Thương hiệu: BIGBENChất Liệu :Da bò thật 100%Kích Thước :từ 35 đến 40Đế Cao :2cmSản phẩm được bảo hành 1 năm HƯỚNG DẪN BẢO QUẢNBảo quản nơi thoáng mátTránh tiếp xúc hóa chất mạnhGiày...,BIGGBEN,299000.0,39
276099620G39,giày sandal nữ da bò thật biggben cao cấp sdn110,GSD02,Thương hiệu: BIGBENChất Liệu :Da bò thật 100%Kích Thước :từ 35 đến 40Đế Cao :2cmSản phẩm được bảo hành 1 năm HƯỚNG DẪN BẢO QUẢNBảo quản nơi thoáng mátTránh tiếp xúc hóa chất mạnhGiày...,BIGGBEN,299000.0,39
276103505G41,giày sandal nữ da bò thật biggben cao cấp sdn111,GSD02,Thương hiệu: BIGBENChất Liệu :Da bò thật 100%Kích Thước :từ 35 đến 40Đế Cao :2cmSản phẩm được bảo hành 1 năm HƯỚNG DẪN BẢO QUẢNBảo quản nơi thoáng mátTránh tiếp xúc hóa chất mạnhGiày...,BIGGBEN,299000.0,41
276104819G39,giày sandal quai chéo 1f pabno pn15019,GSD02,"Giày sandal quai chéo 1F PN15019----------  1. THÔNG TIN SẢN PHẨM:Chiều cao phù hợp để làm các nàng dễ dàng di chuyển. Hai đôi giày phù hợp cho nàng phối với những chiếc váy xèo hoa, váy,...Ngoài r...",PABNO,285000.0,39
276113601G39,giày boot sức khỏe nữ aetrex rebecca black - giày cao gót đế đệm giảm mỏi chân,GT02,"Giày boot sức khỏe nữ Aetrex Rebecca Black Bước vào thế giới tinh tế với Giày boot cao gót Aetrex Rebecca, một lựa chọn phong cách cho mọi dịp.Được thiết kế với khóa kéo bên hông, thuận tiện để để...",Aetrex,5495000.0,39
276178940G41,giày boot cho bé phong cách dễ thương - gte9110,GT01,"1.Thiết kế: có form giày dễ thương2.Chất liệu: phần trên của đôi giày được làm từ chất liệu da cao cấp, mềm mại, giúp cho bé có có cảm giác dễ chịu. Thêm vào đó là phần đế giày được làm từ cao su với...",Bee Gee,320000.0,41
276181232G40,"giày thể thao nam đế êm nhẹ, thoáng khí đế cao su đúc, chống trơn trượt hạn chế mòn – bee gee - gna2028",GTT01,"Giày thể thao nam thời trang, giày chạy bộ nam ôm chân thoáng khíGiày được thiết kế đẹp mắt, có tính thẩm mỹ caoThiết kế da cao cấp mềm, thoáng khíMũi giày ôm theo dáng bàn chân, không gây khó chịu...",Bee Gee,380000.0,40
276181289G41,"giày thể thao nam đế êm nhẹ, thoáng khí đế cao su đúc, chống trơn trượt hạn chế mòn – bee gee - gna2029",GTT01,"Giày thể thao nam thời trang, giày chạy bộ nam ôm chân thoáng khíGiày được thiết kế đẹp mắt, có tính thẩm mỹ caoThiết kế vải cao cấp mềm, thoáng khíMũi giày ôm theo dáng bàn chân, không gây khó chị...",Bee Gee,390000.0,41
276181491G40,"giày thể thao nam đế êm nhẹ, thoáng khí đế cao su đúc, chống trơn trượt hạn chế mòn – bee gee - gna2026",GTT01,"Giày thể thao nam thời trang, giày chạy bộ nam ôm chân thoáng khíGiày được thiết kế đẹp mắt, có tính thẩm mỹ caoThiết kế vải cao cấp mềm, thoáng khíMũi giày ôm theo dáng bàn chân, không gây khó chị...",Bee Gee,420000.0,40
276182413G41,"giày thể thao nam, giày chạy bộ đế êm nhẹ, thoáng khí đế cao su đúc, chống trơn trượt hạn chế mòn – bee gee – gna1022a",GTT01,"Giày thể thao nam - nữ  thời trang, giày chạy bộ nam ôm chân thoáng khíGiày được thiết kế đẹp mắt, có tính thẩm mỹ caoThiết kế vải cao cấp mềm, thoáng khíMũi giày ôm theo dáng bàn chân, không gây k...",Bee Gee,480000.0,41
276183351G41,"giày thể thao nam đế êm nhẹ, thoáng khí đế cao su đúc, chống trơn trượt hạn chế mòn  – bee gee - gna2027",GTT01,"Giày thể thao nam thời trang, giày chạy bộ nam ôm chân thoáng khíGiày được thiết kế đẹp mắt, có tính thẩm mỹ caoThiết kế da cao cấp mềm, thoáng khí        Size: 36,37,38,40,41,42,43,44Mũi giày ôm ...",Bee Gee,620000.0,41
276187640G40,"giày thể thao nam đế êm nhẹ, thoáng khí đế cao su đúc, chống trơn trượt hạn chế mòn  – bee gee - gna2020",GTT01,"Giày thể thao nam thời trang, giày chạy bộ nam ôm chân thoáng khíGiày được thiết kế đẹp mắt, có tính thẩm mỹ caoThiết kế da cao cấp mềm, thoáng khí        Size: 39,40,41,42,43,44Mũi giày ôm theo d...",Bee Gee,250000.0,40
276229384G39,"giày thể thao nam đế êm nhẹ, thoáng khí đế cao su đúc, chống trơn trượt hạn chế mòn – bee gee - gna1002",GTT01,"Giày thể thao nam thời trang, giày chạy bộ nam ôm chân thoáng khíGiày được thiết kế đẹp mắt, có tính thẩm mỹ caoThiết kế da cao cấp mềm, thoáng khíMũi giày ôm theo dáng bàn chân, không gây khó chịu...",Bee Gee,570000.0,39
276287244G39,vascara giày ankle boots mũi vuông - bot 0943,GT02,"Chất liệu: Da nhân tạoHoa văn, chi tiết: Kiểu gót: Gót dạng khốiĐộ cao gót: 7,5 cmLoại mũi: Bít mũi vuôngPhù hợp sử dụng: Đi chơi, đi làm, dạo phố...",Vascara,1173000.0,39
276327744G41,ngôi nhà rô bốt trong rừng sâu - bản quyền,GT01," Trong một khu rừng cổ kính và hẻo lánh, tách biệt hẳn khỏi thế giới bên ngoài, Victor Lawson, một cậu bé con người sống trong một ngôi nhà kỳ lạ. Cậu được nuôi dưỡng bởi người cha rô bốt Giovanni ...",,153000.0,41
276345718G40,"giày thể thao nam, giày chạy bộ đế êm nhẹ, thoáng khí đế cao su đúc, chống trơn trượt hạn chế mòn  – gna2025b",GTT01,"Giày thể thao nam giày chạy bộ đế êm nhẹ, thoáng khí đế cao su đúc, chống trơn trượt hạn chế mòn Giày thể thao thời trang, giày chạy bộ ôm chân thoáng khíGiày được thiết kế đẹp mắt, có tính thẩm mỹ ...",Bee Gee,390000.0,40
276353075G41,ngôi nhà rô bốt trong rừng sâu,GT01,Giới thiệu sáchTác phẩm từ tác giả sách New York Times best-seller Ngôi nhà bên bờ biển xanh thẳm Chiến thắng hạng mục Tiểu thuyết khoa học giả tưởng hay nhất 2023 của GoodreadsTrong một khu rừng cổ...,,143279.0,41
276371086G40,ngôi nhà rô bốt trong rừng sâu,GT01,Ngôi Nhà Rô Bốt Trong Rừng SâuTác phẩm từ tác giả sách New York Times best-seller Ngôi nhà bên bờ biển xanh thẳmChiến thắng hạng mục Tiểu thuyết khoa học giả tưởng hay nhất 2023 của GoodreadsTrong ...,,175120.0,40
276472930G41,"giày thể thao nam đế êm nhẹ, thoáng khí đế cao su đúc, chống trơn trượt hạn chế mòn  – bee gee - gna1011a",GTT01,"Giày thể thao nam thời trang, giày chạy bộ nam ôm chân thoáng khíGiày được thiết kế đẹp mắt, có tính thẩm mỹ caoThiết kế vải cao cấp mềm, thoáng khí        Size: 39,40,41,42,43Mũi giày ôm theo dán...",Bee Gee,340000.0,41
276473001G39,"giày thể thao nam đế êm nhẹ, thoáng khí đế cao su đúc, chống trơn trượt hạn chế mòn – bee gee - gna2019a",GTT01,"Giày thể thao nam thời trang, giày chạy bộ nam ôm chân thoáng khíGiày được thiết kế đẹp mắt, có tính thẩm mỹ caoThiết kế da cao cấp mềm, thoáng khíMũi giày ôm theo dáng bàn chân, không gây khó chịu...",Bee Gee,370000.0,39
276475452G40,bình giữ nhiệt cổ rộng hydro flask kids wide mouth straw lid & boot 12oz 354ml,GT02,"- Thương hiệu: Hydro Flask (Top thương hiệu bình giữ nhiệt bán hàng đầu tại Mỹ, được thành lập năm 2009, trụ sở đặt ở Tây Bắc Thái Bình Dương – Bend, Oregon)- Xuất xứ: Sản xuất tại Trung Quốc- Chất ...",Hydro Flask,1098900.0,40
276558531G40,giày thể thao bitis hunter (39-45) 969k,GTT02,"(V)Mô tả sản phẩm: Công nghệ đế LiteFlex  ứng dụng công nghê sản xuất IP trên nền chất liệu Phylon không chỉ giúp đôi chân cảm giác ""Nhẹ như bay"" mà còn tăng vượt bậc độ đàn hồi, tạo độ linh hoạt và...",Biti's,969000.0,40
276561845G39,giày thể thao bitis hunter nam (40-45),GTT01,"(V)MÔ TẢ SẢN PHẨMGiầy thể thao Biti's Hunter nam:- Đế LITEBOUNCE nhẹ tênh,mang lại sự thoải mái vượt trội.- Thân giày được thiết kế làm dệt bằng sợi vải Kamit vừa mềm mại, ôm vừa chân, có thiết k...",Biti's,869000.0,39
276561881G40,giày thể thao bitis hunter nam (40-45),GTT01,"(V)MÔ TẢ SẢN PHẨMGiầy thể thao Biti's Hunter nam:- Đế LITEBOUNCE nhẹ tênh,mang lại sự thoải mái vượt trội.- Thân giày được thiết kế làm dệt bằng sợi vải Kamit vừa mềm mại, ôm vừa chân, có thiết k...",Biti's,869000.0,40
276597972G39,giày thể thao nam phong cách mới – gna1004c1,GTT01,"1.Thiết kế: có form giày trẻ trung, năng động, phong cách cá tính, sang trọng2.Chất liệu: phần trên của đôi giày được làm từ chất liệu da cao cấp, mềm mại, giúp cho người mang giày có có cảm giác dễ ...",Bee Gee,590000.0,39
276610649G41,giày thể thao biti's siêu nhẹ nam (39-44),GTT01,"Giày sneaker thể thao Màu sắc: Đen -xámCở số: 39-44Quai lưới xốp thoáng khíĐế IP nhẹ, đàn hồi, uốn gấp tốtGiảm lực tác độngMiếng lót đệm mềm êm như gối sẽ giúp giảm bớt lực tác động lên bàn chân...",Biti's,500000.0,41
276661348G39,ngôi nhà rô bốt trong rừng sâu,GT02,    Ngôi Nhà Rô Bốt Trong Rừng Sâu   Tác phẩm từ tác giả sách New York Times best-seller Ngôi nhà bên bờ biển xanh thẳm   Chiến thắng hạng mục Tiểu thuyết khoa học giả tưởng hay nhất 2023 của Goo...,,159200.0,39
276666727G41,giày thể thao biti's nam (39-44),GTT01,"Sự thuận tiện của những mẫu giày lười nam là kiểu dáng đơn giản, lược bỏ dây buộc trên thân giày. Nhờ đó, người dùng thao tác lên chân rất nhanh gọn – xỏ chân vào là xongĐộ co giãn bốn chiều cùng ch...",Biti's,365000.0,41
276666781G40,giày thể thao biti's nam (39-44),GTT01,"Sự thuận tiện của những mẫu giày lười nam là kiểu dáng đơn giản, lược bỏ dây buộc trên thân giày. Nhờ đó, người dùng thao tác lên chân rất nhanh gọn – xỏ chân vào là xongĐộ co giãn bốn chiều cùng ch...",Biti's,365000.0,40
276666807G41,giày thể thao biti's nam (39-44),GTT01,"Sự thuận tiện của những mẫu giày lười nam là kiểu dáng đơn giản, lược bỏ dây buộc trên thân giày. Nhờ đó, người dùng thao tác lên chân rất nhanh gọn – xỏ chân vào là xongĐộ co giãn bốn chiều cùng ch...",Biti's,365000.0,41
276666833G40,giày sandal nữ da bò thật biggben cao cấp sdn113,GSD02,Thương hiệu: BIGBENChất Liệu :Da bò thật 100%Kích Thước :từ 35 đến 40Đế Cao :2cmSản phẩm được bảo hành 1 năm HƯỚNG DẪN BẢO QUẢNBảo quản nơi thoáng mátTránh tiếp xúc hóa chất mạnhGiày...,BIGGBEN,339000.0,40
276670235G41,giày sandal quai ngang 1f pn15018,GSD01,"Giày sandal quai ngang 1F PN15018----------  1. THÔNG TIN SẢN PHẨM:Chiều cao phù hợp để làm các nàng dễ dàng di chuyển. Hai đôi giày phù hợp cho nàng phối với những chiếc váy xèo hoa, váy,...Ngoài ...",PABNO,285000.0,41
276671374G40,giày sandal quai mảnh khóa8f pabno pn22018,GSD01,"Giày Sandal quai mảnh khóa8F PABNO PN22018 ----------  1. THÔNG TIN SẢN PHẨM:Sandal quai ngang không còn là sản phẩm xa lạ với các chị em phụ nữ, mẫu sandal thường được chọn phối cùng các trang phục...",PABNO,345000.0,40
276671564G41,giày sandal nữ da bò thật biggben cao cấp sdn114,GSD02,Thương hiệu: BIGBENChất Liệu :Da bò thật 100%Kích Thước :từ 35 đến 40Đế Cao :2cmSản phẩm được bảo hành 1 năm HƯỚNG DẪN BẢO QUẢNBảo quản nơi thoáng mátTránh tiếp xúc hóa chất mạnhGiày...,BIGGBEN,309000.0,41
276671632G40,giày sandal nữ da bò thật biggben cao cấp sdn115,GSD02,Thương hiệu: BIGBENChất Liệu :Da bò thật 100%Kích Thước :từ 35 đến 40Đế Cao :2cmSản phẩm được bảo hành 1 năm HƯỚNG DẪN BẢO QUẢNBảo quản nơi thoáng mátTránh tiếp xúc hóa chất mạnhGiày...,BIGGBEN,309000.0,40
276671647G40,giày sandal quai ngang 6p pabno pn12024,GSD01,Giày sandal quai ngang 6P PABNO PN12024----------  1. THÔNG TIN SẢN PHẨM:Chiều cao phù hợp để làm các nàng trở nên quý phái và thanh lịch hơn. Hai đôi giày phù hợp cho nàng phối với những chiếc váy...,PABNO,385000.0,40
276675123G41,giày thể thao bitis nam 765k (40-44),GTT01,"Đế giàyNgay từ cái nhìn đầu tiên, mọi người mua đều ấn tượng với phần đế làm từ chất liệu cao su.  ưu tiên lựa chọn vật liệu cao su cao cấp, được chọn lọc và sản xuất theo đúng quy trình tiêu chuẩ...",Biti's,765000.0,41
276675161G41,giày thể thao biti's nam 869k(40-44),GTT01,"Giày Thể Thao Nam hiện là một trong những mẫu giày thể thao được đông đảo khách hàng tin tưởng . Bởi lẽ, không chỉ sở hữu kiểu dáng năng động và nam tính, sản phẩm còn có chất lượng đế - quai cao cấp,...",Biti's,869000.0,41
276718075G41,giày thể thao biti's hunter nam (40-44)869k,GTT01,"Đế giàyNgay từ cái nhìn đầu tiên, mọi người mua đều ấn tượng với phần đế làm từ chất liệu cao su. Biti’s ưu tiên lựa chọn vật liệu cao su cao cấp, được chọn lọc và sản xuất theo đúng quy trình tiê...",Biti's,869000.0,41
276718958G40,giày thể thao biti's nam (39-45)1259k,GTT01,"Đôi giày sẽ là người bạn chạy hợp ý, cùng các runners bước đầu trên đường chạy duy trì một thói quen chăm sức khỏe mới hàng ngày! Cho bước chạy nhẹ nhàng, thoải mái nhờ trọng lượng giày siêu nhẹ, cùn...",Biti's,1259000.0,40
276800660G40,giày bốt cho bé phong cách dễ thương gte9131,GT02,"1.Thiết kế: có form giày dễ thương, năng động, hot Trend2.Chất liệu: phần trên của đôi giày được làm từ chất liệu da cao cấp, mềm mại, giúp cho bé có có cảm giác dễ chịu. Thêm vào đó là phần đế giày ...",Bee Gee,320000.0,40
276800800G39,giày thể thao nam nữ phong cách mới - bee gee g1010a,GTT01,"Giày thể thao nam thời trang, phong cách cá tính, giày ôm chân thoáng khíGiày được thiết kế đẹp mắt, có tính thẩm mỹ caoThiết kế da cao cấp mềm, thoáng khíMũi giày ôm theo dáng bàn chân, không gây ...",Bee Gee,550000.0,39
276824221G39,giày bốt cho bé gái bé trai phong cách hàn quốc đẹp diện đi chơi đi tiệc size 26-36 hàng quảng châu cao cấp,GT02,Kích thước lòng giàySize 26 (16.5cm)Size 27 (17.1cm)Size 28 (17.7cm)Size 29 (18.3cm)Size 30 (18.9cm)Size 31 (19.5cm)Size 32 (20.1cm)Size 33 (20.7cm)Size 34 (21.3cm)Size 35 (21.9cm)Size 36 (...,OEM,280500.0,39
276838257G40,"giày sandal nữ kiểu dáng mới chống trơn, trượt – gsdn04",GSD02,"Thiết kế: có form giày dễ thương, năng động, cá tính2.Công nghệ đế: Giày ép đế3.Chất liệu đế: Cao su4.Giới tính áp dụng: Nữ/ Nam5.Nhóm Tuổi áp dụng: Teen, người lớn6.Phong cách: Hàn Quốc7.Size: ...",Bee Gee,370000.0,40
276898646G41,"giày thể thao nam, giày thời trang nam mẫu mới, đế cao thiết kế trẻ trung năng động",GTT01,"Giày Sneaker nam phong cáchVới kiểu dáng thiết kế tinh tế, trẻ trung, phong cách và các đặc điểm nổi bật, đã tạo nên một mã giày được giới trẻ yêu thíchCÁC ĐẶC ĐIỂM NỔI BẬT- Thân giày bằng da PU kế...",Nagaki,169000.0,41
276898864G40,"giày sneaker nam, giày thể thao nam phong cách cá tính a15",GTT01,"Giày thời trang nam nữ mẫu mới nhất năm nay, mang đến cho bạn một sự lựa chọn mới với thiết kế trẻ trung năng động, phù hợp cho cả nam và nữ- Toàn bộ thân giày bằng vải Mesh dệt thoáng khí cao cấp - ...",Nagaki,175000.0,40
276918065G41,sách - ngôi nhà rô bốt trong rừng sâu - az việt nam,GT01,"    Ngôi Nhà Rô Bốt Trong Rừng Sâu  Tác giả   Dịch giả Jack Frogg dịch  Thể loại tiểu thuyết  Kích thước 14 x 20,5 cm  Nhà xuất bản thế giới  Thương hiệu Asnovel  Giá bìa 199.000 VNĐ  Quà t...",,179100.0,41
277013723G39,giày boots nữ da lộn 4p pabno pn11032,GT02," Chất liệu da lộn cao cấp: Boots được làm từ chất liệu da lộn mềm mại, mịn màng và bền bỉ. Da lộn mang lại vẻ ngoài sang trọng, đồng thời có khả năng giữ ấm tốt trong mùa đông. Chất liệu này cũng d...",PABNO,430000.0,39
277031696G40,giày thời trang thể thao nike air zoom-type ‘black menta’ cj2033-010 - hàng chính hãng,,Giày thời trang thể thao Nike Air Zoom-Type ‘Black Menta’ CJ2033-010 - Hàng chính hãngThương hiệu: MỹSản xuất tại: Nhiều quốc giaChất liệu: 6%Synthetic & 94%TextileGiày thời trang thể thao Nike ...,Nike,2789000.0,40
277173291G40,sách - bốt điện thoại bên rìa thế giới - quel che affidiamo al vento - huy hoàng bookstore,GT02,    Công ty phát hành: Huy Hoang Bookstore  Tác giả: Laura Imai Messina  Nhà xuất bản: NXB Phụ Nữ Việt Nam  Năm xuất bản: 2022  Số trang: 372  Khổ giấy:13.5x20.5cm  Bìa mềm  Giới thiệu sản p...,,130500.0,40
277274418G40,"giày thể thao, giày thoáng khí đế cao su đúc, chống trơn trượt hạn chế mòn - gnu2092",GTT02,"Giày thể thao nữ thời trang, giày ôm chân thoáng khíGiày được thiết kế đẹp mắt, có tính thẩm mỹ caoThiết kế da cao cấp mềm, thoáng khíMũi giày ôm theo dáng bàn chân, không gây khó chịu trong lúc di...",Bee Gee,570000.0,40
277275542G40,"giày thể thao nam đế êm nhẹ, thoáng khí đế cao su đúc, chống trơn trượt hạn chế mòn – bee gee - gna2039",GTT01,"Giày thể thao nam thời trang, giày chạy bộ nam ôm chân thoáng khíGiày được thiết kế đẹp mắt, có tính thẩm mỹ caoThiết kế da cao cấp mềm, thoáng khíMũi giày ôm theo dáng bàn chân, không gây khó chịu...",Bee Gee,570000.0,40
277280170G41,"giày thể thao nam đế êm nhẹ, thoáng khí đế cao su đúc, chống trơn trượt hạn chế mòn – bee gee - gna2037",GTT01,"Giày thể thao nam thời trang, giày chạy bộ nam ôm chân thoáng khíGiày được thiết kế đẹp mắt, có tính thẩm mỹ caoThiết kế da cao cấp mềm, thoáng khíMũi giày ôm theo dáng bàn chân, không gây khó chịu...",Bee Gee,600000.0,41
277283892G40,bốt bé gái trẻ em học sinh 3 - 12 tuổi cổ cao thời trang năng động cá tính phong cách hàn quốc nhím shop gc70,GT02,"Bốt bé gái GC70 là mẫu bốt da cổ cao dành cho bé từ 3 đến 12 tuổi, mang phong cách cá tính, thời trang nhưng vẫn đảm bảo sự thoải mái và an toàn tối đa khi di chuyển. Được làm từ chất liệu da PU cao c...",OEM,280000.0,40
277284190G40,bốt cổ cao cho bé gái 3 - 12 tuổi dáng dài tới gần đầu gối màu đen sành điệu phong cách anh quốc nhím shop gc71,GT02,"Là một trong những mẫu giày dép trẻ em thời trang điển hình, sành điệu, phong cách và cá tính, bốt bé gái GC71 có thiết kế cổ cao dáng bốt đùi thời trang giúp bé giữ ấm mùa đông, vừa sành điệu trong n...",OEM,280000.0,40
277287599G39,"giày thể thao nam đế êm nhẹ, thoáng khí đế cao su đúc, chống trơn trượt hạn chế mòn – bee gee - gna2036",GTT01,"Giày thể thao nam thời trang, giày chạy bộ nam ôm chân thoáng khíGiày được thiết kế đẹp mắt, có tính thẩm mỹ caoThiết kế da cao cấp mềm, thoáng khíMũi giày ôm theo dáng bàn chân, không gây khó chịu...",Bee Gee,620000.0,39
277287666G40,giày sandal nữ da bò thật biggben cao cấp sdn116,GSD02,Thương hiệu: BIGBENChất Liệu :Da bò thật 100%Kích Thước :từ 35 đến 40Đế Cao :2cmSản phẩm được bảo hành 1 năm HƯỚNG DẪN BẢO QUẢNBảo quản nơi thoáng mátTránh tiếp xúc hóa chất mạnhGiày...,BIGGBEN,329000.0,40
277287683G40,giày sandal nữ da bò thật biggben cao cấp sdn117,GSD02,Thương hiệu: BIGBENChất Liệu :Da bò thật 100%Kích Thước :từ 35 đến 40Đế Cao :2cmSản phẩm được bảo hành 1 năm HƯỚNG DẪN BẢO QUẢNBảo quản nơi thoáng mátTránh tiếp xúc hóa chất mạnhGiày...,BIGGBEN,329000.0,40
277294436G40,"giày thể thao nam đế êm nhẹ, thoáng khí đế cao su đúc, chống trơn trượt hạn chế mòn – bee gee - gna2035",GTT01,"Giày lười thể thao nam thời trang, ôm chân thoáng khíGiày được thiết kế đẹp mắt, có tính thẩm mỹ caoThiết kế vải cao cấp mềm, thoáng khíMũi giày ôm theo dáng bàn chân, không gây khó chịu trong lúc ...",Bee Gee,440000.0,40
277294602G40,"giày thể thao nam đế êm nhẹ, thoáng khí đế cao su đúc, chống trơn trượt hạn chế mòn – bee gee - gna2033",GTT01,"Giày thể thao nam thời trang, giày chạy bộ nam ôm chân thoáng khíGiày được thiết kế đẹp mắt, có tính thẩm mỹ caoThiết kế da cao cấp mềm, thoáng khíMũi giày ôm theo dáng bàn chân, không gây khó chịu...",Bee Gee,600000.0,40
277294637G39,"giày thể thao nam đế êm nhẹ, thoáng khí đế cao su đúc, chống trơn trượt hạn chế mòn – bee gee - gna2034",GTT01,"Giày thể thao nam thời trang, giày chạy bộ nam ôm chân thoáng khíGiày được thiết kế đẹp mắt, có tính thẩm mỹ caoThiết kế da cao cấp mềm, thoáng khíMũi giày ôm theo dáng bàn chân, không gây khó chịu...",Bee Gee,570000.0,39
277304581G40,"giày thể thao kiểu dáng mới đế cao su đúc, chống trơn trượt hạn chế mòn  – g1014",GTT01,"Giày thể thao nữ thời trang, hot TrendGiày được thiết kế đẹp mắt, có tính thẩm mỹ caoThiết kế da mềm, thoáng khí        Mũi giày ôm theo dáng bàn chân, không gây khó chịu trong lúc di chuyểnĐế già...",Bee Gee,650000.0,40
277304912G40,"giày thể thao nam nữ, giày chạy bộ đế êm nhẹ, thoáng khí đế cao su đúc, chống trơn trượt hạn chế mòn  – g1013",GTT01,"Giày thể thao nữ, giày chạy bộ đế êm nhẹ, thoáng khí đế cao su đúc, chống trơn trượt hạn chế mòn Giày thể thao nữ thời trang, giày chạy bộ nữ ôm chân thoáng khíGiày được thiết kế đẹp mắt, có tính th...",Bee Gee,710000.0,40
277306138G40,"giày sandal quai hậu siêu nhẹ, êm nhẹ chống trơn trượt  – gsd9146",GSD01,"1.Thiết kế: có form giày dễ thương, năng động, cá tính2.Công nghệ đế: Giày ép đế3.Chất liệu đế: Cao su4.Giới tính áp dụng: Nữ5.Nhóm Tuổi áp dụng: Teen, người lớn6.Phong cách: Hàn Quốc7.Size: 35-...",Bee Gee,440000.0,40
277375839G39,giày bốt nữ cổ ngắn cao gót 7 phân ro688 rosata tại bcashop nổi bật với khóa chữ b độc đáo và sang trọng,GT02,"ROSATA - thương hiệu giày thời trang nữ cao cấp THUẦN VIỆT NHƯNG CHẤT LƯỢNG QUỐC TẾ---Mùa lạnh này, bạn đã có một đôi boot cổ thấp phong cách để diện chưa? ROSATA RO688 sẽ giúp bạn luôn nổi bật và cu...",Rosata,499000.0,39
277375870G40,giày bốt nữ cổ ngắn sang trọng 7 phân ro688 rosata tại bcashop êm chân cực kỳ và độc đáo với chữ b nổi bật,GT02,ROSATA - thương hiệu giày thời trang nữ cao cấp THUẦN VIỆT NHƯNG CHẤT LƯỢNG QUỐC TẾ----Bạn đang tìm một đôi boot cổ thấp vừa cá tính vừa dễ phối đồ? ROSATA RO688 chính là sự lựa chọn hoàn hảo! Thiết...,Rosata,499000.0,40
277387765G40,"giày thể thao nam đế êm nhẹ, thoáng khí đế cao su đúc, chống trơn trượt hạn chế mòn – bee gee - gna2016a",GTT01,"Giày được thiết kế đẹp mắt, có tính thẩm mỹ caoThiết kế da cao cấp mềm, thoáng khíMũi giày ôm theo dáng bàn chân, không gây khó chịu trong lúc di chuyểnĐế giày nhân bản mềm mại , chất liệu  tự nhiê...",Bee Gee,520000.0,40
2829851G41,giày da bò thể thao vo vp09_3660,,Thông số kỹ thuật:Thương hiệuVOXuất xứViệt NamMã số sản phẩmVP09-3660Màu sắcxám- nâuKích thướcSize: 38 – 39 – 40 – 41 – 42 – 43Chất liệu da giàyDa bò thật 100% (da lộn)Chất...,VO Luxury Fashion,270000.0,41
31648264G39,peppa pig: peppa and her golden boots,GT01,Poor Peppa! Mrs Duck has stolen Peppa Pig's special golden wellies and now she can't compete in the Puddle-Jumping Competition! Can Peppa and her friends get the golden wellies back in time? This del...,,168000.0,39
36926828G40,giày sandal nữ biggben da bò thật sdn35,GSD02,"Sandal Nữ với chất liệu da bò bền đẹp kết hợp đế  êm nhẹ  giúp bạn Nữ luôn thoải mái, tự tin khi đi chơi, dạo phố, đi làm nơi công sở hay đi dự tiệc.Sandal Nữ được xử lý đặc biệt để tạo độ bóng mờ, P...",BIGGBEN,329000.0,40
36978574G39,giày sandal nữ biggben da bò thật sdn42,GSD02,"Sandal Nữ với chất liệu da bò bền đẹp kết hợp đế  êm nhẹ  giúp bạn Nữ luôn thoải mái, tự tin khi đi chơi, dạo phố, đi làm nơi công sở hay đi dự tiệc.Sandal Nữ được xử lý đặc biệt để tạo độ bóng mờ, P...",BIGGBEN,339000.0,39
36979068G40,giày sandal nữ biggben da bò thật sdn43,GSD02,Chất Liệu :Da bò thật 100%Kích Thước :từ 35 đến 40Đế Cao :2 cmSản phẩm được bảo hành 1 năm HƯỚNG DẪN BẢO QUẢNBảo quản nơi thoáng mátTránh tiếp xúc hóa chất mạnhGiày bị ướt phơi khô nơi...,BIGGBEN,339000.0,40
36980153G40,giày sandal nữ biggben da bò thật sdn44,GSD02,"Sandal Nữ với chất liệu da bò bền đẹp kết hợp đế  êm nhẹ  giúp bạn Nữ luôn thoải mái, tự tin khi đi chơi, dạo phố, đi làm nơi công sở hay đi dự tiệc.Sandal Nữ được xử lý đặc biệt để tạo độ bóng mờ, P...",BIGGBEN,339000.0,40
37703250G41,giày sandal cao gót biggben da bò thật sdcg37,GSD02,"Sandal Nữ sản phẩm được thiết kế bền đẹp kết hợp đế cao su êm nhẹ giúp bạn Nữ luôn thoải mái, tự tin khi đi chơi, dạo phố, đi làm nơi công sở hay đi dự tiệc.Được làm Bằng chất liệu Da Bò Thật 100% ...",BIGGBEN,369000.0,41
38160273G40,giày boot nam biggben da bò thật cao cấp bt2,GT01,"Giày Boot Nam với chất liệu da bò bền đẹp kết hợp đế cao su êm nhẹ chống trơn trượt giúp bạn Nam luôn thoải mái, tự tin khi đi chơi, dạo phố, đi làm nơi công sở hay đi dự tiệc.Giày Boot nam được xử ...",BIGGBEN,1299000.0,40
38161191G41,giày boot nam biggben da bò thật cao cấp bt3,GT01,"Giày Boot Nam với chất liệu da bò bền đẹp kết hợp đế cao su êm nhẹ chống trơn trượt giúp bạn Nam luôn thoải mái, tự tin khi đi chơi, dạo phố, đi làm nơi công sở hay đi dự tiệc.Giày Boot nam được xử ...",BIGGBEN,999000.0,41
42424845G40,giầy boots nam cao cấp_20372-2,GT01,Sản phẩm được đảm bảo chất lượngThiết kế thời trangChất liệu cao cấpKiểu dáng phong cáchĐộ bền caoDễ phối đồ...,TLG Thành Long,562300.0,40
42685352G40,giầy thể thao nam năng động_21026-17,,"Gia công tỉ mỉThiết kế thời trang,kiểu dáng ôm chân,dễ dàng phối đồĐơn giản tạo sự tinh tế cho người sử dụngCách đo cỡ chân chính xác bao gồm...",TLG Thành Long,190500.0,40
42685370G40,giầy thể thao nam năng động_20580-5,,"Gia công tỉ mỉThiết kế thời trang,kiểu dáng ôm chân,dễ dàng phối đồĐơn giản tạo sự tinh tế cho người sử dụngCách đo cỡ chân chính xác bao gồm...",TLG Thành Long,611600.0,40
42685495G41,giầy thể thao nam năng động_20579-1,,"Gia công tỉ mỉThiết kế thời trang,kiểu dáng ôm chân,dễ dàng phối đồĐơn giản tạo sự tinh tế cho người sử dụngCách đo cỡ chân chính xác bao gồm...",TLG Thành Long,987200.0,41
42685603G41,giầy thể thao nam năng động_20580-4,,"Gia công tỉ mỉThiết kế thời trang,kiểu dáng ôm chân,dễ dàng phối đồĐơn giản tạo sự tinh tế cho người sử dụngCách đo cỡ chân chính xác bao gồm...",TLG Thành Long,611600.0,41
42685693G41,giầy thể thao nam năng động_21026-15,,"Gia công tỉ mỉThiết kế thời trang,kiểu dáng ôm chân,dễ dàng phối đồĐơn giản tạo sự tinh tế cho người sử dụngCách đo cỡ chân chính xác bao gồm...",TLG Thành Long,150200.0,41
42685827G39,giầy thể thao nam năng động_21084-5,,"Gia công tỉ mỉThiết kế thời trang,kiểu dáng ôm chân,dễ dàng phối đồĐơn giản tạo sự tinh tế cho người sử dụngCách đo cỡ chân chính xác bao gồm...",TLG Thành Long,267900.0,39
42685853G40,giầy thể thao nam năng động_21074-4,,"Gia công tỉ mỉThiết kế thời trang,kiểu dáng ôm chân,dễ dàng phối đồĐơn giản tạo sự tinh tế cho người sử dụngCách đo cỡ chân chính xác bao gồm...",TLG Thành Long,555900.0,40
42737023G41,giày sandal nữ tlg 20716-5,GSD02,"Giày sandal nữ TLG 20716-5 với thiết kế trẻ trung nữ tính cực kì phù hợp với những bạn nữ yêu thích phong cách nhẹ nhàng, quý phái.Giày được gia công tinh tế từ chất liệu da tổng hợp mềm mịn, bóng ...",TLG Thành Long,150200.0,41
42737104G40,giày sandal nữ tlg 20615-8,GSD02,"Giày sandal nữ TLG 20615-8 với thiết kế trẻ trung nữ tính cực kì phù hợp với những bạn nữ yêu thích phong cách nhẹ nhàng, quý phái.Giày được gia công tinh tế từ chất liệu da tổng hợp mềm mịn, bóng ...",TLG Thành Long,150200.0,40
42737212G41,giày sandal nữ tlg 20799-1,GSD02,"Giày sandal nữ TLG 20799-1 với thiết kế trẻ trung nữ tính cực kì phù hợp với những bạn nữ yêu thích phong cách nhẹ nhàng, quý phái.Giày được gia công tinh tế từ chất liệu da tổng hợp mềm mịn, bóng ...",TLG Thành Long,150200.0,41
42738102G41,giày sandals nữ tlg 20794-12,GSD02,"Giày Sandals nữ TLG 20794-12 với thiết kế trẻ trung nữ tính cực kì phù hợp với những bạn nữ yêu thích phong cách nhẹ nhàng, quý phái.Giày được gia công tinh tế từ chất liệu da tổng hợp mềm mịn, bón...",TLG Thành Long,150200.0,41
42738219G41,giày sandals nữ tlg 20795-14,GSD02,"Giày Sandals nữ TLG 20795-14 với thiết kế trẻ trung nữ tính cực kì phù hợp với những bạn nữ yêu thích phong cách nhẹ nhàng, quý phái.Giày được gia công tinh tế từ chất liệu da tổng hợp mềm mịn, bón...",TLG Thành Long,150200.0,41
45469497G40,tất len dài qua gối hàn quốc - tất giả boot,GT02,"Tất giả bốtChất liệu: cotton kết hợp sợi co giãnKiểu tất cao cổSợi dệt không quá dày, kết hợp chất cotton mềm mại, thấm hút mồ hôi tốt nên chân sẽ không bị bí, hấp hơi, giúp bé cực kỳ thoải mái, dễ c...",Mirato,45000.0,40
48226182G41,giày sandal nam da bò biggben cao cấp sd96,GSD01,"Sandal Nam với chất liệu Da Bò bền đẹp kết hợp đế cao su êm nhẹ chống trơn trượt giúp bạn Nam luôn thoải mái, tự tin khi đi chơi, dạo phố, đi làm nơi công sở hay đi dự tiệc.Sandal nam được xử lý đặc...",BIGGBEN,369000.0,41
49903724G39,giày thể thao tennis,GTT02,"Giày Tennis Chí Phèo là sự lựa chọn tốt cho người chơi tennis thực thụ.Dòng giày tennis này được đánh giá cao về mẫu mã, chất lượng sử dụng, đặc biệt là độ êm và độ vừa vặn.Ở phiên bản giày tennis nam...",Chí Phèo,750000.0,39
52188508G39,giày sandal nữ biggben da bò thật sdn50,GSD02," Sandal Nữ với chất liệu da bò bền đẹp kết hợp đế êm nhẹ giúp bạn Nữ luôn thoải mái, tự tin khi đi chơi, dạo phố, đi làm nơi công sở hay đi dự tiệc. Sandal Nữ được xử lý đặc biệt để tạo độ bóng mờ, Ph...",BIGGBEN,329000.0,39
52228079G40,giày sandal nữ biggben da bò thật sdn51,GSD02,"Sandal Nữ với chất liệu da bò bền đẹp kết hợp đế êm nhẹ giúp bạn Nữ luôn thoải mái, tự tin khi đi chơi, dạo phố, đi làm nơi công sở hay đi dự tiệc.Sandal Nữ được xử lý đặc biệt để tạo độ bóng mờ, Phon...",BIGGBEN,329000.0,40
52789105G40,đế bình giữ nhiệt silicone boot 2good flask 900ml,GT02,...,2Good,85000.0,40
54828755G41,giày boot da bò nam biggben cao cấp bt4,GT01,"Giày Boot Nam với chất liệu da bò bền đẹp kết hợp đế cao su êm nhẹ chống trơn trượt giúp bạn Nam luôn thoải mái, tự tin khi đi chơi, dạo phố, đi làm nơi công sở hay đi dự tiệc.Giày Boot nam được xử ...",BIGGBEN,999000.0,41
5517433G39,giày sandal bít mũi biggben da bò thật cao cấp sd24,GSD02,"Sandal Nam với chất liệu da bò bền đẹp kết hợp đế cao su êm nhẹ chống trơn trượt giúp bạn Nam luôn thoải mái, tự tin khi đi chơi, dạo phố, đi làm nơi công sở hay đi dự tiệc.Sandal nam được xử lý đặc ...",BIGGBEN,419000.0,39
56747495G39,giày sandal nữ trường hải thời trang cao cấp đế kếp siêu nhẹ xdn0159,GSD02,"Thông tin chi tiết sản phẩm :Màu : Đen, vàng bòXuất xứ : Việt NamChất liệu đế: nhựa kếp siêu nhẹChất liệu quai : similiSize: 35-36-37-38-39 Dép quai hậu nữ được làm bằng nguyên liệu cao cấp , c...",Trường Hải,241000.0,39
57734293G40,giày boots nam cổ lửng hà nam da bò thật đế đốc tờ cao cấp dt2020,GT01,"Giày boots nam cổ lửng HÀ NAM da bò thật đế đốc tờ cao cấp DT2020 Giày Dép Được Gia Công Tại Xưởng Shop Hoàn Trả Tiền 100% Hoặc 1 Đổi 1 Nếu Shop Giao Không Đúng Hàng, Không Đúng Như Mô Tả THÔNG TI...",HA NAM,529000.0,40
57758530G41,giày thể thao nam nữ đã khâu đế ( size 37 đến 44 ),GTT01,"Giày dùng cho học sinh nam nữ học thể dục ở trường, đi bộ, chạy bộ, đá bóng,Chất liệu : Cao Su và Da PUĐế: Cao su cao cấp chống trơn trượtSize: 38-44Đã may toàn bộ đếCó thể sử dụng trên sân cỏ t...",Chí Phèo,200000.0,41
57772322G39,giày thể thao nam nữ đa năng new,GTT01,Chí Phèo là một thương hiệu Thể thao nối tiếng của Việt NamCác sản phẩm giày của thương hiệu này có thiết kế bắt mắt với khả năng vượt trội trong môi trường thể thao đặc biệt là dành cho bộ môn cầu lô...,Chí Phèo,279000.0,39
5815761G40,boots combat bé gái ga39 (3 - 12 tuổi),GT02,"Boots Combat Bé Gái GA39 (3 - 12 Tuổi) được thiết kế với kiểu dáng đơn giản, với họa tiết hoa vô cùng đẹp mắt, tạo nét nổi bật cho bé mỗi khi mang giày.Thân giày được làm từ chất liệu PU nhẹ và chắc...",OEM,260000.0,40
58178537G39,"giày thể thao new tennis, chạy bộ",GTT02,"Giày Chí Phèo là sự lựa chọn tốt cho người chơi tennis thực thụ.Dòng giày Chí Phèo này được đánh giá cao về mẫu mã, chất lượng sử dụng, đặc biệt là độ êm và độ vừa vặn.Ở phiên bản này, Chí Phèo trang ...",Chí Phèo,750000.0,39
58188071G39,"giày thể thao nam, giày vải mũi tròn arctic hunter z158",GTT01,"Giày thể thao nam, giày vải mũi tròn ARCTIC HUNTER Z158Kích thước: 39-43Màu sắc: đen, xanhHướng dẫn bảo quản:Vệ sinh giày định kì, khi giày bẩn nên dùng vải sạch thấm nước xà bông lau nhẹ nhàng....",ARCTIC HUNTER,169000.0,39
58550811G40,giày thể thao nam nữ đa năng,GTT01,...,Chí Phèo,250000.0,40
59206687G40,giày sandal nam da bò biggben cao cấp sd105,GSD01,"Sandal Nam với chất liệu bền đẹp kết hợp đế cao su êm nhẹ chống trơn trượt giúp bạn Nam luôn thoải mái, tự tin khi đi chơi, dạo phố, đi làm nơi công sở hay đi dự tiệc.Sandal nam được xử lý đặc biệt ...",BIGGBEN,349000.0,40
59207075G40,giày sandal nữ da bò biggben cao cấp sdcg49,GSD02,"Sandal Nữ sản phẩm được thiết kế bền đẹp kết hợp đế cao su êm nhẹ giúp bạn Nữ luôn thoải mái, tự tin khi đi chơi, dạo phố, đi làm nơi công sở hay đi dự tiệc.Được làm Bằng chất liệu Da Bò Thật 100% ...",BIGGBEN,349000.0,40
59207843G41,giày sandal cao gót biggben da bò thật sdcg51,GSD01,"Sandal Nữ sản phẩm được thiết kế bền đẹp kết hợp đế cao su êm nhẹ giúp bạn Nữ luôn thoải mái, tự tin khi đi chơi, dạo phố, đi làm nơi công sở hay đi dự tiệc.Được làm Bằng chất liệu Da Bò Thật 100% ...",BIGGBEN,339000.0,41
59209381G40,giày sandal nữ biggben da bò thật sdn54,GSD02,"Sandal Nữ với chất liệu da bò bền đẹp kết hợp đế êm nhẹ giúp bạn Nữ luôn thoải mái, tự tin khi đi chơi, dạo phố, đi làm nơi công sở hay đi dự tiệc.Sandal Nữ được xử lý đặc biệt để tạo độ bóng mờ, Phon...",BIGGBEN,279000.0,40
59210030G41,giày sandal nữ biggben da bò thật sdn56,GSD02,"Sandal Nữ với chất liệu da bò bền đẹp kết hợp đế êm nhẹ giúp bạn Nữ luôn thoải mái, tự tin khi đi chơi, dạo phố, đi làm nơi công sở hay đi dự tiệc.Sandal Nữ được xử lý đặc biệt để tạo độ bóng mờ, Phon...",BIGGBEN,329000.0,41
59211327G39,giày sandal nữ biggben da bò thật sdn62,GSD02,"Sandal Nữ với chất liệu da bò bền đẹp kết hợp đế êm nhẹ giúp bạn Nữ luôn thoải mái, tự tin khi đi chơi, dạo phố, đi làm nơi công sở hay đi dự tiệc.Sandal Nữ được xử lý đặc biệt để tạo độ bóng mờ, Phon...",BIGGBEN,329000.0,39
59455132G41,giày sandal nữ trường hải  da bò thật màu nâu  hình ảnh thật,GSD02,"Xăng đan nữ đế bằng được sản xuất tại Việt nam được làm bằng da bò cao cấp . mềm mại, êm ái khi di chuyểnDép được thiết kế đơn giản trẻ trung. mặt dép êm áiĐế dép được làm bằng kếp mềm không trơn trượ...",Trường Hải,210000.0,41
609959G41,sách tô màu - thế giới rô bốt và xe cộ: rô bốt thú,GT02,"Sách Tô Màu - Thế Giới Rô Bốt Và Xe Cộ: Rô Bốt Thú Bộ tô màu với rất nhiều hình ảnh Rô Bốt Thú thú vị đang chờ đón các bạn nhỏ. Với quyển sách này, các bé sẽ được trổ tài nghệ thuật của mình thông q...",,18600.0,41
6498455G40,ống bút hình bốt điện thoại london (telephone box),GT01,"Telephone box là một trong những biểu tượng của thủ đô London nước Anh được cách điệu phần mái làm ống cắm bút, vừa sử dụng, vừa trang trí và làm đẹp không gian của bạn.Chất liệu gỗ plywood bề mặt ...",CONOMI Souvenirs,40000.0,40
66566234G40,giày thể thao nam họa tiết arctic hunter z004,GTT01,"Giày thể thao nam họa tiết ARCTIC HUNTER Z004Kích thước: 39-43Màu sắc: đen, xanhHướng dẫn bảo quản:Vệ sinh giày định kì, khi giày bẩn nên dùng vải sạch thấm nước xà bông lau nhẹ nhàng.Không dùng...",ARCTIC HUNTER,169000.0,40
68065469G41,giày boots đi mưa rando obps-04,GT01,"Giày Boots Đi Mưa Rando OBPS-04 được thiết kế tiện dụng nhằm tạo cảm giác thoải mái và tiện lợi cho người sử dụng. Làm bằng chất liệu nhựa cao cấp Không thấm ướt, giữ khô đôi chân của bạn trong đi...",Rando,85000.0,41
68373476G39,"giày bốt nam banuli da bê italian chuckka boots  b1ck1 (da veg itali mềm dẻo, đế kháng trượt, bảo hành trọn đời)",GT01,"Banuli được thành lập vào năm 2015. Qua những năm kinh nghiệm làm giày, chúng tôi không ngừng cải tiến để tạo ra những đôi giày nam có chất lượng tốt và phù hợp với xu hướng thời trang hiện đại. Lợi ...",Banuli,1300000.0,39
68484619G40,giày bata thể thao nam nữ cao cấp,,"Đế giày làm từ cao su tổng hợp cao cấp chống trơn trượt, có thể dùng đá bóng, chạy bộ, chơi bóng chuyền, bóng bàn, bóng rổ và các môn thể thao khácThân giày đá bóng cỏ tự nhiên được làm từ da PU cao...",Chí Phèo,250000.0,40
72101747G40,giày sandal cao gót biggben da bò thật sdcg56,GSD02,"Sandal Nữ sản phẩm được thiết kế bền đẹp kết hợp đế cao su êm nhẹ giúp bạn Nữ luôn thoải mái, tự tin khi đi chơi, dạo phố, đi làm nơi công sở hay đi dự tiệc.Được làm Bằng chất liệu Da Bò Thật 100% ...",BIGGBEN,349000.0,40
72216684G39,giày boot cao cổ trẻ em nữ thiết kế đơn giản nhưng vẫn toát lên vẻ đẹp thời thượng,GT02,Giày boot cao cổ trẻ em nữ thiết kế đơn giản nhưng vẫn toát lên vẻ đẹp thời thượngThông tin sản phẩmTên sản phẩm: Giày boot cao cổ trẻ em nữMã sản phẩm: 7019Chất liệu: da + da MicrofiberBên trong...,OEM,999000.0,39
72222261G41,"giày martin boots trẻ em nam chống nước, chống mòn bảo vệ đôi chân bạn",GT01,"Giày Martin Boots trẻ em nam chống nước, chống mòn bảo vệ đôi chân bạnThông tin sản phẩmTên sản phẩm: Giày trẻ em nam Martin BootsMã sản phẩm: 8889Chất liệu: da, nhungBên trong: vải lưới/ lót thê...",OEM,699222.0,41
72308986G39,bốt bé gái 5 - 12 tuổi cổ cao thời trang phong cách âu mỹ da mềm lên chân cực sang gc47,GT01,"Bốt bé gái 5 - 12 tuổi GC47 được thiết kế với dáng cổ cao đến gần đầu gối chân, chất da mềm mại kiểu dáng phong cách Âu Mỹ thời trang cá tính và vô cùng dễ phối, phía trước là dây buộc thời trang có t...",OEM,260000.0,39
72309207G41,"bốt cổ caocho bé gái, giày bốt cổ ngắn phong cách anh quốc cho bé 3 - 12 tuổi gc48",GT01,"Là một trong những mẫu Hot Trend mùa đông của năm, giày bốt cổ cao zocn Martin cho bé gái GC48 được đánh giá là một trong những mẫu thời trang điển hình dễ đi dễ phối đặc biệt là độ mềm nhẹ êm ái. Với...",OEM,270000.0,41
73223447G41,"giày boots trẻ em nam và nữ chống nước, chống mòn bảo vệ đôi chân của bạn giay.8877",GT01,Thông tin sản phẩmTên sản phẩm: giày thu đông trẻ em nam Mã hàng: 8877 Chất liệu: da lợnBên trong: chất liệu vải lưới/ bên trong lót nhungĐế giày: đế PU Khóa: khóa dán VelcroCỡ: 26-39Màu ...,OEM,689900.0,41
76022056G39,giày boots đi mưa rando – giúp che mưa an toàn và tiện lợi cho giày của bạn (giao màu ngẫu nhiên),GT02,"Giày Boots Đi Mưa Rando với chất liệu PVC chính phẩm bền bỉ, giúp che mưa an toàn và tiện lợi cho giày của bạn.Thương hiệu: RandoXuất xứ: Việt NamTop 100 thương hiệu dẫn đầu Hàng Việt Nam chất lư...",Rando,90000.0,39
76125664G39,boot bé gái 3 - 12 tuổi cao gót thời trang phong cách hàn quốc gc51,GT02,"Boot bé gái 3 - 12 tuổi cao gót thời trang phong cách Hàn Quốc GC51 đươc làm từ chất da lộn mềm mại và tinh tế, thiết kế cầu kỳ với tua rua quai ngang gá giả dán làm điểm nhấn cho phía trước đôi giày ...",OEM,260000.0,39
76443241G39,giày boot cao cổ trẻ em nữ  mã 7019,GT02,Thông tin sản phẩmTên sản phẩm: Giày boot cao cổ trẻ em nữMã sản phẩm: 7019Chất liệu: da cao cấpBên trong: lót nhungĐế giày: PUKhóa: thắt dây giày / khóa kéo bên hôngKích cỡ: 25-37Màu ...,OEM,999000.0,39
8005161G40,giày sandal nữ biggben da bò thật sdn0399,GSD02,"Sandal Nữ với chất liệu da bò bền đẹp kết hợp đế cao su êm nhẹ chống trơn trượt giúp bạn Nữ luôn thoải mái, tự tin khi đi chơi, dạo phố, đi làm nơi công sở hay đi dự tiệc.Sandal Nữ được xử lý đặc biệ...",BIGGBEN,329000.0,40
8005362G41,giày sandal nữ da bò biggben cao cấp sdn04,GSD02,"Sandal Nữ với chất liệu da bò bền đẹp kết hợp đế cao su êm nhẹ chống trơn trượt giúp bạn Nữ luôn thoải mái, tự tin khi đi chơi, dạo phố, đi làm nơi công sở hay đi dự tiệc.Sandal Nữ được xử lý đặc biệ...",BIGGBEN,329000.0,41
8005607G39,giày sandal nữ biggben da bò thật sdn06,GSD02,"Sandal Nữ với chất liệu da bò bền đẹp kết hợp đế cao su êm nhẹ chống trơn trượt giúp bạn Nữ luôn thoải mái, tự tin khi đi chơi, dạo phố, đi làm nơi công sở hay đi dự tiệc.Sandal Nữ được xử lý đặc biệ...",BIGGBEN,329000.0,39
80789610G41,boot nữ cổ cao cá tính da xịn gót cao 8p || pabno pn643 || bh 12 tháng,GT02,️ PABNO luôn cam kết đem đên những sản phẩm chất lượng tốt nhất cho khách hàng. Sự hài lòng của khách hàng là thành công lớn nhất của chúng tôi.️Thông tin sản phẩmGiày Boots nữ cổ thấp với tong màu c...,PABNO,945000.0,41
84284692G40,giày cầu lông bóng bàn giaỳ thể thao,,"Giày thể thao nam nữ form đẹpHiện là một trong những loại giày hot nhất hiện nay trong giới trẻ, bởi thiết kế tinh tế, trẻ trung và hiện đại.- Kiểu dáng thể thao, mạnh mẽ,phù hợp với các bạn trong độ...",Chí Phèo,270000.0,40
84565322G41,giày cầu lông bóng bàn giày thể thao,GTT01,"Giày thể thao nam nữ form đẹpHiện là một trong những loại giày hot nhất hiện nay trong giới trẻ, bởi thiết kế tinh tế, trẻ trung và hiện đại.- Kiểu dáng thể thao, mạnh mẽ,phù hợp với các bạn trong độ...",Chí Phèo,627000.0,41
90841973G41,giày cầu lông - giày thể thao đa năng,GTT02,"Trong bất cứ một môn thể thao nào đôi giày cực kỳ quan trọng, nhất là đối với bộ môn cầu lông,  bóng bàn đòi hỏi di chuyển nhiều và nhanh. chính vì vậy việc lựa chọn một đôi giày phù hợp với mình rất ...",Chí Phèo,219000.0,41
96128480G39,giày thể thao nam biti's hunter street festive low-,GTT01,"Hướng dẫn sử dụng Hạn chế tiếp xúc với nước và môi trưởng có dầu mỡTránh va chạm với vật thể sắc, nhọn cứngSử dụng bàn chải mềm, xà phòng loãng để giặt rửaKhông phơi sản phẩm dưới ánh nắng trực ...",Biti's,679000.0,39
96835032G39,giày boots (bốt) chukka đông hải - g01a6,GT02,"Giày boots (bốt) Chukka Đông Hải thiết kế nam tính, cổ điển. Đế cao su chắc chắn cao 3 cm.Mã sản phẩm: G01A6Màu: Đen, NâuSize: 39-43Chất liêu: Da bò cao cấpCao: 3cmBảo hành miễn phí trọn đời tại các...",Đông Hải,1980000.0,39
97588684G40,giày thể thao - giày tennis,GTT01,"Giày có thiết kế trẻ trung, mầu sắc đẹp mắt, nổi bật cá tính phong cách hiện đạiĐế làm bằng cao su tổng hợp cao cấp giúp bám sân cực tốtThân giày làm từ lớp vải dệt thoáng, nhẹ, có độ bền cao + Kết...",Chí Phèo,750000.0,40
